time_s,throttle,rpm_hall,weight_g,esc_rpm,voltage_v,current_a,temp_c,mah,pos_voltage,neg_voltage,pitch_pos,pitch_neg
0.0403,319,5199,73.03,5257,50.8,1.15,28,3,2.18,1.17,-1.89,-0.32
0.1405,319,5263,72.55,5257,50.79,1.15,28,3,2.19,1.15,-1.89,-0.32
0.2407,319,5263,71.61,5228,50.77,1.15,28,3,2.17,1.16,-1.89,0.2
0.3411,319,5217,71.03,5242,50.79,1.12,28,3,2.19,1.17,-1.89,0.2
0.4413,319,5235,70.93,5257,50.8,1.12,28,3,2.19,1.15,-1.29,0.2
0.5415,319,5217,70.75,5242,50.82,1.12,28,3,2.18,1.17,-1.29,0.2
0.6418,319,5235,70.84,5257,50.8,1.12,28,3,2.19,1.17,-1.29,-0.32
0.742,319,2622,71.95,5257,50.8,1.12,28,3,2.18,1.17,-1.29,-0.32
0.8422,319,5102,73.22,5242,50.78,1.12,28,3,2.19,1.17,-1.29,-0.32
0.9424,319,5235,74.0,5242,50.77,1.12,28,3,2.18,1.17,-1.89,-0.32
1.0429,319,5244,75.22,5242,50.8,1.12,28,3,2.19,1.17,-1.29,-0.32
1.144,319,4991,74.97,5257,50.79,1.12,28,3,2.19,1.5,-1.29,-0.32
1.2442,319,2615,74.27,5257,50.79,1.12,29,3,2.19,1.17,-1.29,-0.32
1.3444,319,5235,73.31,5257,50.79,1.12,29,3,2.19,1.16,-1.29,-0.32
1.4446,319,5199,72.54,5257,50.79,1.15,29,3,2.2,1.17,-1.29,-0.32
1.5449,319,5181,72.42,5242,50.81,1.15,28,3,2.12,1.17,-1.29,-0.32
1.6451,319,5217,72.53,5242,50.8,1.15,28,3,2.19,1.15,-1.29,-0.32
1.7453,319,5102,72.87,5242,50.78,1.15,29,3,2.18,1.17,-1.29,-0.32
1.8455,319,5226,72.99,5242,50.8,1.12,29,3,2.19,1.16,-1.29,-0.32
1.9457,319,5226,72.8,5228,50.8,1.12,28,3,2.18,1.15,-1.89,0.2
2.046,319,5181,72.16,5257,50.82,1.09,28,3,2.17,1.17,-1.89,0.2
2.1462,319,5226,71.57,5257,50.81,1.12,29,3,2.18,1.14,-1.89,0.2
2.2467,319,5235,71.0,5242,50.81,1.12,28,3,2.18,1.5,-1.89,0.2
2.347,319,5199,70.82,5228,50.8,1.12,29,3,2.19,1.13,-1.89,0.58
2.4472,319,2620,69.91,5242,50.79,1.12,29,3,2.17,1.17,-1.89,-0.32
2.5474,319,2620,70.07,5242,50.79,1.12,29,4,2.19,1.15,-1.89,0.58
2.6476,319,5244,71.0,5257,50.79,1.12,29,4,2.18,1.17,-1.89,-0.32
2.7479,319,5199,71.52,5228,50.79,1.12,29,4,2.19,1.16,-1.29,0.2
2.8481,319,2620,71.58,5242,50.79,1.15,28,4,2.18,1.17,-1.89,-0.32
2.9483,319,2626,71.21,5271,50.81,1.12,28,4,2.17,1.17,-1.89,-0.32
3.0492,319,5244,70.55,5257,50.77,1.12,29,4,2.19,1.16,-1.89,-0.32
3.1495,319,2620,70.21,5257,50.78,1.12,29,4,2.19,1.16,-1.29,0.2
3.2504,319,2624,70.96,5242,50.77,1.12,29,4,2.18,1.17,-1.89,-0.32
3.3506,319,5154,72.16,5242,50.79,1.15,29,4,2.15,1.16,-1.89,0.2
3.4509,319,2626,72.87,5257,50.79,1.15,29,4,2.18,1.39,-1.89,0.2
3.5511,319,5181,71.66,5257,50.77,1.15,29,4,2.17,1.17,-1.89,-0.32
3.6513,319,5076,69.77,5242,50.78,1.12,30,4,2.19,1.17,-1.89,-0.32
3.7516,319,5208,67.61,5242,50.79,1.12,29,4,2.18,1.13,-1.89,-0.32
3.8518,319,5244,68.29,5257,50.78,1.12,29,4,2.18,1.17,-1.89,-0.32
3.952,319,5208,68.66,5257,50.8,1.09,29,4,2.18,1.16,-1.89,-0.32
4.0527,319,5226,68.46,5228,50.76,1.12,29,4,2.18,1.08,-1.89,0.2
4.1529,353,5208,68.97,5342,50.79,1.12,29,4,2.18,1.17,-1.89,0.2
4.2532,353,5671,71.18,5728,50.78,1.28,29,4,2.18,1.15,-1.89,0.2
4.3534,353,5725,76.91,5742,50.75,1.32,29,4,2.18,1.17,-1.89,0.2
4.4537,353,2887,85.26,5771,50.77,1.38,29,4,2.2,1.16,-1.89,0.2
4.5539,353,2876,85.58,5785,50.77,1.38,29,4,2.18,1.17,-1.89,-0.32
4.6541,353,2881,88.61,5742,50.77,1.41,29,4,2.18,1.17,-1.89,-0.32
4.7543,353,2879,90.14,5757,50.78,1.32,29,4,2.18,1.15,-1.89,-0.32
4.8546,353,2876,90.12,5785,50.77,1.32,29,4,2.18,1.17,-1.89,-0.32
4.9548,353,2876,89.69,5757,50.77,1.32,30,4,2.18,1.17,-1.89,-0.32
5.055,353,2873,89.67,5728,50.77,1.35,30,4,2.19,1.17,-1.89,-0.32
5.1552,353,5758,89.61,5742,50.77,1.38,29,4,2.18,1.15,-1.89,-0.32
5.2554,353,2879,89.48,5771,50.77,1.38,30,4,2.19,1.15,-1.89,-0.32
5.3557,353,2879,90.46,5757,50.79,1.38,29,4,2.17,1.15,-1.89,0.58
5.4559,353,5736,91.17,5785,50.77,1.38,30,4,2.19,1.17,-1.29,0.58
5.5561,381,5747,93.09,5814,50.78,1.35,29,5,1.87,1.14,-1.89,0.58
5.6563,381,3089,93.84,6142,50.75,1.48,29,5,2.19,1.16,-1.29,0.58
5.7569,381,3095,98.68,6171,50.77,1.51,30,5,1.93,1.15,-2.5,0.58
5.8571,381,6134,102.22,6171,50.77,1.54,30,5,2.18,1.14,-1.89,0.58
5.9574,381,3095,101.26,6185,50.77,1.57,30,5,2.17,1.17,-2.5,0.58
6.0576,381,6134,100.73,6185,50.77,1.51,30,5,2.18,1.16,-1.89,0.2
6.1578,381,6085,100.65,6185,50.77,1.44,30,5,2.17,1.15,-2.5,0.58
6.258,381,3089,99.57,6185,50.77,1.44,30,5,2.17,1.16,-2.5,0.2
6.3583,381,3086,100.33,6185,50.76,1.44,30,5,2.19,1.1,-2.5,0.2
6.4586,381,3083,102.01,6171,50.76,1.44,30,5,2.17,1.17,-2.5,0.2
6.5588,404,3250,102.55,6542,50.77,1.57,30,5,2.17,1.16,-2.5,0.2
6.659,404,6355,108.1,6500,50.75,1.6,30,5,2.18,1.16,-2.5,0.2
6.7593,404,6493,112.71,6528,50.77,1.64,30,5,2.18,1.14,-1.89,0.2
6.8595,404,3264,112.0,6571,50.75,1.67,30,5,2.15,1.15,-2.5,0.2
6.9597,404,6507,112.53,6528,50.75,1.6,30,5,2.17,1.16,-2.5,0.2
7.0599,404,3260,113.19,6514,50.77,1.6,30,5,2.17,1.16,-2.5,0.2
7.1601,404,3246,111.9,6500,50.75,1.6,30,5,2.18,1.16,-2.5,0.2
7.2603,404,3264,110.62,6557,50.77,1.6,30,5,2.15,1.16,-2.5,0.2
7.361,421,6493,111.15,6557,50.76,1.6,29,5,2.16,1.13,-2.5,0.2
7.4612,421,3264,112.15,6557,50.77,1.57,30,5,2.16,1.14,-3.11,0.2
7.5615,421,6787,113.72,6742,50.74,1.7,30,5,2.17,1.16,-3.11,0.2
7.6617,421,6741,120.84,6828,50.75,1.77,30,6,2.17,1.16,-3.11,0.2
7.7619,421,9036,128.97,6814,50.76,1.77,30,6,2.18,1.12,-2.5,0.97
7.8622,421,3401,132.43,6828,50.76,1.8,30,6,1.93,1.15,-2.5,0.58
7.9624,421,6741,133.56,6828,50.75,1.73,30,6,2.2,1.16,-2.5,0.2
8.0626,421,6681,135.2,6800,50.75,1.73,30,6,2.2,1.14,-1.89,0.58
8.1628,421,6772,136.42,6828,50.75,1.73,30,6,2.21,1.16,-0.68,0.58
8.263,421,6787,136.63,6757,50.75,1.77,30,6,2.18,1.15,-0.68,0.58
8.3632,421,3397,137.55,6771,50.75,1.8,30,6,2.18,1.13,-0.68,0.58
8.4634,421,6741,138.29,6828,50.75,1.77,30,6,2.2,1.16,-0.68,0.58
8.5636,444,2290,138.8,6828,50.74,1.73,30,6,2.2,1.15,-0.68,0.58
8.6639,444,7194,138.83,7200,50.7,1.93,30,6,2.19,1.15,-1.29,0.58
8.7641,444,3601,143.49,7214,50.73,1.96,30,6,2.2,1.16,-0.68,0.58
8.8643,444,7177,151.37,7228,50.75,1.99,30,6,2.2,1.14,-0.68,0.58
8.9645,444,7177,154.07,7214,50.75,2.02,30,6,2.19,1.14,-0.68,0.58
9.0647,444,7159,156.03,7200,50.75,1.93,30,6,2.23,1.15,-0.68,0.58
9.1649,444,7109,158.92,7200,50.76,1.89,30,6,2.2,1.15,-0.68,0.58
9.2651,444,7142,157.12,7185,50.75,1.93,30,6,2.19,1.51,-0.68,0.58
9.3654,444,3605,154.88,7214,50.73,1.93,30,6,2.15,1.16,-1.29,0.58
9.4656,444,7194,154.49,7242,50.73,1.93,30,6,2.21,1.15,-0.68,0.58
9.5658,444,7109,154.58,7200,50.75,1.93,30,6,2.19,1.16,-1.29,0.2
9.666,444,7159,156.31,7257,50.73,1.93,30,7,2.2,1.16,-1.29,0.2
9.7664,444,7159,158.9,7242,50.73,1.93,30,7,2.22,1.15,-0.68,0.2
9.8666,444,3605,159.49,7200,50.74,1.93,30,7,2.19,1.16,-0.68,0.2
9.9668,444,7177,158.36,7185,50.75,1.93,30,7,1.89,1.15,-1.29,0.2
10.0671,444,7142,158.76,7257,50.72,1.96,30,7,2.2,1.15,-0.68,0.58
10.1673,444,7194,158.18,7214,50.73,1.96,30,7,2.21,1.16,-0.68,0.58
10.2675,467,3773,157.53,7528,50.71,2.09,30,7,2.21,1.17,-0.68,0.2
10.3677,467,7500,162.62,7571,50.71,2.12,30,7,2.21,1.17,-0.07,0.2
10.4679,467,7481,170.65,7571,50.74,2.15,30,7,2.2,1.13,-0.07,0.2
10.5681,467,7407,172.06,7557,50.72,2.15,30,7,2.18,1.15,-0.07,0.2
10.6685,467,3778,172.18,7557,50.74,2.09,30,7,2.19,1.17,-0.68,-0.32
10.7687,467,7500,173.18,7542,50.72,2.06,30,7,2.19,1.17,-1.29,-0.32
10.869,467,7518,173.67,7571,50.71,2.06,30,7,1.93,1.15,-1.29,0.58
10.9692,467,7575,174.07,7542,50.72,2.06,30,7,2.19,1.15,-1.29,0.58
11.0694,467,7518,174.86,7614,50.73,2.06,30,7,2.19,1.15,-1.29,0.58
11.1696,467,7556,176.43,7500,50.73,2.02,30,7,2.21,1.16,-1.29,0.58
11.2698,467,7537,176.89,7585,50.71,2.02,30,7,2.2,1.16,-1.29,0.58
11.37,467,7556,174.66,7571,50.71,2.02,30,7,2.19,1.16,-1.29,0.2
11.4703,467,7481,173.26,7571,50.7,2.02,30,7,2.21,1.16,-0.68,0.2
11.5705,467,7556,173.76,7585,50.71,2.02,31,7,2.2,1.15,-0.68,0.2
11.6707,467,7518,175.48,7571,50.72,2.06,30,7,2.19,1.42,-0.68,0.2
11.7709,489,7556,177.16,7614,50.71,2.09,30,8,2.21,1.16,-0.68,0.2
11.8713,489,7853,174.19,7914,50.7,2.25,30,8,2.2,1.16,-0.68,0.2
11.9715,489,7894,182.55,7942,50.69,2.25,30,8,2.2,1.15,-0.68,0.2
12.0717,489,7936,189.43,7942,50.71,2.31,30,8,2.22,1.15,-0.68,0.2
12.1719,489,7894,190.47,7957,50.72,2.35,30,8,2.22,1.15,-0.07,0.58
12.2722,489,2645,188.96,7971,50.69,2.28,30,8,2.19,1.17,-0.68,0.58
12.3725,489,7957,188.19,7928,50.72,2.28,30,8,2.2,1.16,-0.68,0.58
12.4728,489,7936,189.05,7985,50.71,2.25,30,8,2.21,1.14,-0.07,0.58
12.5731,489,7936,188.49,7971,50.69,2.22,30,8,2.21,1.15,-0.07,0.58
12.6733,489,7957,188.35,7957,50.71,2.25,31,8,2.19,1.17,-0.68,0.2
12.7736,489,7936,192.9,7957,50.71,2.22,31,8,2.19,1.15,-0.68,0.58
12.8739,489,7936,195.46,8014,50.69,2.25,31,8,2.21,1.15,-0.07,0.58
12.9744,489,3978,193.8,8000,50.7,2.25,30,8,2.21,1.2,-0.07,0.58
13.0746,489,7957,190.78,7971,50.71,2.28,30,8,2.19,1.17,-1.29,-0.32
13.1749,535,3957,186.76,7942,50.69,2.28,31,8,2.2,1.15,-0.68,0.58
13.2751,535,8645,183.97,8528,50.63,2.47,31,8,2.2,1.17,-0.68,-0.32
13.3754,535,8645,189.66,8628,50.64,2.6,31,8,2.21,1.15,-0.68,-0.32
13.4757,535,8645,212.17,8700,50.68,2.67,31,8,2.19,1.17,-0.68,-0.32
13.5759,535,8982,231.81,8757,50.68,2.83,31,8,2.22,1.17,-0.68,-0.32
13.6761,535,8595,239.22,8714,50.69,2.86,31,8,2.19,1.15,-0.68,-0.32
13.7764,535,8670,244.43,8614,50.67,2.73,31,9,2.19,1.15,-1.29,0.58
13.8767,535,8645,240.61,8657,50.67,2.73,31,9,2.22,1.16,-1.29,0.2
13.9769,535,8670,238.16,8814,50.69,2.7,32,9,2.18,1.16,-1.29,0.2
14.0773,535,8670,237.65,8757,50.69,2.7,31,9,2.18,1.17,-1.29,0.2
14.1775,535,8670,234.56,8714,50.68,2.67,31,9,2.21,1.17,-1.29,0.2
14.2778,535,8670,230.47,8700,50.68,2.7,31,9,2.21,1.17,-0.07,-0.32
14.378,535,8670,231.4,8671,50.68,2.67,31,9,2.19,1.17,-1.29,-0.32
14.4782,535,8670,231.62,8800,50.66,2.67,32,9,2.2,1.16,-0.68,-0.32
14.5784,535,8720,230.68,8657,50.68,2.7,31,9,2.2,1.15,-0.68,-0.32
14.6786,535,8670,239.69,8628,50.69,2.64,31,9,2.21,1.16,-0.68,0.2
14.7788,535,8670,237.71,8771,50.68,2.67,31,10,2.19,1.16,-0.68,0.2
14.879,535,8645,236.06,8642,50.68,2.6,31,10,2.2,1.16,-0.68,0.2
14.9792,535,8670,235.17,8814,50.67,2.6,31,10,2.21,1.16,-0.68,0.2
15.0794,535,8595,235.21,8642,50.67,2.6,31,10,2.21,1.17,-0.07,0.2
15.1796,535,8695,239.02,8800,50.65,2.64,31,10,2.19,1.14,-0.68,0.2
15.2799,535,8645,241.56,8657,50.68,2.64,32,10,2.19,1.15,-0.68,0.2
15.3801,535,8670,245.26,8628,50.67,2.64,31,10,2.19,1.44,-1.29,0.2
15.4803,552,8620,250.12,8614,50.67,2.67,31,10,2.19,1.16,-1.29,0.2
15.5805,552,8955,243.26,8942,50.65,2.76,32,10,2.21,1.16,-1.29,0.2
15.6807,552,8982,246.78,9000,50.65,2.83,32,10,2.21,1.16,-1.29,0.2
15.7809,552,8982,257.56,9028,50.63,2.89,31,10,2.2,1.17,-0.68,0.2
15.8811,552,8982,265.55,9028,50.69,2.92,32,11,2.21,1.16,-0.07,0.2
15.9813,552,9036,269.0,9057,50.64,2.92,32,11,2.22,1.16,-0.07,0.2
16.0815,552,8982,269.29,9028,50.67,2.86,32,11,2.21,1.16,-0.07,0.2
16.1818,552,8928,273.41,9028,50.65,2.83,32,11,2.21,1.15,-0.07,0.2
16.282,552,8955,279.27,8928,50.65,2.8,32,11,2.22,1.15,-0.07,0.2
16.3823,569,8982,281.33,9000,50.63,2.86,32,11,2.2,1.16,-0.07,0.2
16.4825,569,9118,281.56,9057,50.62,2.96,32,11,2.22,1.17,-0.07,0.2
16.5827,569,9230,283.06,9300,50.64,3.09,32,11,2.2,1.17,-0.07,0.2
16.6829,569,9259,292.16,9328,50.63,3.12,32,11,1.86,1.17,-0.68,-0.32
16.7831,569,9259,296.97,9242,50.64,3.21,33,11,2.22,1.06,-0.68,-0.32
16.8834,569,9202,299.65,9314,50.64,3.21,32,12,2.21,1.15,-0.07,-0.32
16.9836,569,9259,303.24,9285,50.64,3.15,32,12,2.24,1.15,-0.07,0.58
17.0838,569,9230,301.68,9300,50.63,3.12,33,12,2.21,1.17,-0.07,0.58
17.1841,569,9230,297.15,9328,50.64,3.12,32,12,2.21,1.18,-0.07,0.58
17.2843,569,9287,297.31,9328,50.64,3.12,32,12,2.22,1.17,-0.07,-0.32
17.3897,569,9146,292.26,9271,50.66,3.05,33,12,2.23,1.12,0.54,-0.32
17.4899,586,9259,290.82,9457,50.59,3.02,33,12,2.21,1.16,-0.07,-0.32
17.5901,586,9493,291.0,9514,50.64,3.02,33,12,2.23,1.16,0.54,0.2
17.6903,586,9493,292.98,9485,50.64,3.09,32,12,2.23,1.18,1.16,0.2
17.7905,586,9523,303.76,9542,50.63,3.12,33,13,2.26,1.18,1.16,0.2
17.8907,586,9463,317.22,9571,50.64,3.21,33,13,2.23,1.17,1.16,-0.32
17.9909,586,9523,322.59,9585,50.65,3.15,33,13,2.23,1.16,1.16,-0.32
18.0911,586,9493,320.57,9585,50.64,3.12,32,13,1.92,1.18,1.16,-0.99
18.1914,586,9463,318.29,9414,50.64,3.09,32,13,2.25,1.18,1.16,-0.99
18.2917,586,9463,318.19,9500,50.61,3.15,33,13,2.25,1.17,1.16,-0.32
18.3928,586,9463,321.85,9500,50.61,3.15,33,13,2.23,1.16,1.16,-0.32
18.493,586,9523,325.14,9585,50.64,3.21,33,13,2.24,1.17,1.77,-0.32
18.5932,586,9493,322.44,9585,50.61,3.28,33,13,2.23,1.17,1.77,-0.32
18.6934,592,9493,314.13,9585,50.62,3.31,33,13,2.24,1.17,1.77,-0.32
18.7944,592,9554,310.19,9571,50.58,3.38,33,13,2.23,1.17,1.16,-0.32
18.8946,592,9554,313.74,9628,50.61,3.41,33,13,2.25,1.17,1.77,-0.32
18.9948,592,9584,319.05,9685,50.61,3.38,33,13,2.25,1.18,1.77,-0.32
19.095,592,9615,319.68,9585,50.64,3.34,33,13,2.24,1.18,1.77,-0.32
19.1953,592,9584,331.35,9600,50.61,3.34,33,13,2.24,1.17,1.77,-0.32
19.2956,592,9554,339.55,9628,50.61,3.31,33,13,2.23,1.17,1.77,-0.32
19.3958,592,9554,341.99,9628,50.6,3.34,33,13,2.25,1.18,1.77,-0.99
19.496,592,9615,335.87,9557,50.59,3.38,33,13,1.89,1.48,1.77,-0.99
19.5962,592,9554,328.88,9628,50.62,3.44,33,13,2.24,1.16,1.77,-0.32
19.6965,592,9584,323.84,9585,50.59,3.41,33,13,2.23,1.18,1.16,-0.99
19.7967,592,9554,319.15,9671,50.6,3.41,34,14,2.25,1.16,1.77,-0.99
19.8969,609,9677,323.44,9828,50.58,3.5,33,14,2.24,1.18,1.77,-0.99
19.9971,609,9836,333.21,9914,50.62,3.47,34,14,2.25,1.07,1.77,0.2
20.0973,609,9836,340.42,10000,50.6,3.47,33,14,2.24,1.18,1.77,-0.99
20.1976,609,9771,343.6,10000,50.6,3.54,34,14,2.24,1.47,1.77,-0.99
20.2978,609,9900,344.04,9942,50.59,3.44,33,14,2.24,1.19,1.77,-0.99
20.398,609,9868,339.88,9885,50.63,3.38,33,14,2.23,1.17,1.77,-0.99
20.4982,609,9900,336.2,9857,50.61,3.47,33,14,2.24,1.19,1.77,-1.65
20.5984,609,9836,336.36,9914,50.59,3.41,33,14,2.24,1.19,1.77,-1.65
20.6986,609,9803,336.85,9885,50.6,3.41,34,14,2.24,1.18,1.77,-1.65
20.7988,609,9868,337.07,10000,50.63,3.38,34,14,2.24,1.19,1.77,-1.65
20.8991,609,9836,336.42,9871,50.58,3.44,34,15,2.23,1.17,1.77,-1.65
20.9993,620,9836,324.98,10100,50.59,3.5,34,15,2.23,1.18,1.77,-0.99
21.0995,620,10033,316.36,10171,50.6,3.54,34,15,1.87,1.18,1.16,-0.99
21.1997,620,10067,316.92,9985,50.58,3.5,34,15,2.22,1.17,1.16,-0.99
21.3001,620,10000,326.07,10042,50.61,3.5,34,15,2.22,1.18,0.54,-0.99
21.4003,620,10135,338.85,10185,50.58,3.5,34,15,2.21,1.16,0.54,-0.99
21.5005,620,10067,347.15,10157,50.61,3.47,34,15,2.22,1.17,0.54,-0.32
21.6007,620,9966,347.76,10157,50.6,3.47,34,15,2.22,1.17,0.54,-0.32
21.7009,620,10135,344.11,10157,50.62,3.41,34,15,2.24,1.19,0.54,-0.32
21.8011,620,10033,345.51,10171,50.61,3.44,34,15,2.21,1.17,0.54,-0.32
21.9013,620,10033,348.12,10085,50.6,3.44,34,16,2.23,1.18,0.54,-0.32
22.0016,620,10033,338.83,10200,50.59,3.47,35,16,2.22,1.16,0.54,-0.32
22.1018,620,10033,336.72,10142,50.6,3.54,34,16,2.21,1.17,0.54,-0.32
22.202,620,9966,341.48,10128,50.59,3.5,35,16,2.24,1.18,0.54,-0.32
22.3022,620,10033,344.14,10142,50.58,3.54,35,16,2.21,1.17,0.54,-0.32
22.4024,620,10033,342.38,10071,50.58,3.57,35,16,2.21,1.17,-0.07,-0.32
22.5026,620,9966,334.12,10142,50.61,3.57,35,16,2.22,1.18,-0.07,-0.32
22.6028,620,10033,332.46,10171,50.56,3.57,35,16,2.23,1.16,0.54,-0.32
22.703,620,10067,337.97,10228,50.57,3.6,34,16,2.21,1.17,-0.07,-0.32
22.8032,620,10067,330.98,10000,50.62,3.54,35,16,2.22,1.17,0.54,-0.32
22.9035,620,10067,326.67,10085,50.61,3.5,34,17,2.22,1.5,0.54,-0.32
23.0037,620,10000,327.51,10128,50.61,3.47,35,17,2.2,1.16,0.54,-0.32
23.1039,620,10101,329.11,10014,50.59,3.44,35,17,2.2,1.17,-0.07,-0.32
23.2042,620,10033,332.21,10128,50.59,3.44,35,17,2.22,1.16,0.54,-0.32
23.3044,620,10000,338.94,9985,50.64,3.41,35,17,2.22,1.18,0.54,-0.32
23.4047,620,10067,340.37,10142,50.59,3.44,35,17,2.23,1.16,0.54,0.2
23.5049,620,10169,341.44,10114,50.6,3.44,35,17,2.21,1.18,0.54,-0.32
23.6052,620,10067,338.88,10071,50.6,3.44,35,17,2.23,1.18,0.54,-0.99
23.7054,620,10067,345.55,10142,50.6,3.44,35,17,2.21,1.17,0.54,-0.99
23.8056,620,10033,348.69,10071,50.55,3.47,35,17,2.23,1.19,1.16,-0.99
23.9058,620,10033,346.67,10171,50.57,3.54,35,18,2.22,1.17,0.54,-0.99
24.006,620,10033,337.91,10142,50.58,3.6,35,18,2.21,1.18,0.54,-0.99
24.1063,620,10067,334.57,10200,50.59,3.57,35,18,2.21,1.19,-0.07,-0.99
24.2065,620,10067,338.95,10128,50.6,3.6,35,18,2.2,1.18,-0.07,-0.99
24.3068,620,10033,343.2,10128,50.55,3.57,35,18,2.21,1.17,-0.07,-0.99
24.4073,620,16129,340.34,10228,50.58,3.5,35,18,2.2,1.16,-0.07,-0.99
24.5075,620,10000,339.49,10142,50.56,3.54,35,18,2.21,1.18,-0.07,-0.99
24.6077,620,10067,342.7,10100,50.58,3.5,36,18,2.22,1.19,-0.07,-0.99
24.7081,620,10033,342.11,10228,50.55,3.47,35,18,2.23,1.18,-0.07,-0.99
24.8084,620,10067,341.29,10057,50.58,3.47,35,18,2.22,1.18,0.54,-0.99
24.9086,620,10033,346.0,10071,50.59,3.41,35,18,2.21,1.17,0.54,-0.99
25.0111,620,10067,345.56,10014,50.58,3.47,36,19,2.21,1.17,0.54,-0.99
25.1164,620,10101,339.47,10128,50.61,3.54,36,19,2.22,1.18,0.54,-0.99
25.2166,620,10067,331.51,10142,50.6,3.47,36,19,2.21,1.17,-0.07,-0.32
25.3169,620,10067,328.65,10214,50.58,3.5,36,19,2.22,1.18,-0.07,-0.32
25.4171,620,10033,326.6,10142,50.58,3.41,36,19,2.21,1.19,-0.07,-0.99
25.5173,620,10067,326.0,10042,50.58,3.38,36,19,2.21,1.18,-0.07,-0.99
25.6175,620,10135,333.05,10071,50.58,3.41,35,19,2.2,1.17,-0.07,-0.99
25.7177,620,10000,335.64,10157,50.57,3.44,35,19,2.23,1.19,-0.07,-0.99
25.8179,620,10033,333.38,10157,50.59,3.44,36,19,2.21,1.17,-0.07,-0.99
25.9182,620,10101,329.52,10157,50.58,3.44,35,19,2.22,1.19,-0.07,-0.99
26.0184,620,9966,329.05,10185,50.56,3.41,36,20,2.22,1.17,0.54,-0.32
26.1186,620,10101,332.3,10071,50.63,3.41,35,20,2.21,1.18,0.54,-0.99
26.2189,620,10033,334.13,10042,50.58,3.41,36,20,2.21,1.17,-0.07,-0.32
26.3192,620,10033,337.23,10000,50.58,3.44,36,20,2.22,1.16,0.54,-0.32
26.4194,620,10101,343.88,10100,50.6,3.47,36,20,2.22,1.19,0.54,-0.32
26.5197,620,10000,340.57,10071,50.56,3.47,36,20,2.21,1.16,-0.07,-0.32
26.62,620,10101,337.53,10100,50.57,3.5,36,20,2.22,1.18,0.54,-0.32
26.7202,620,10033,342.46,10014,50.56,3.44,36,20,2.22,1.18,0.54,-0.99
26.8204,620,9966,344.72,10042,50.57,3.44,36,20,2.21,1.18,0.54,-0.99
26.9206,620,10067,340.47,10185,50.58,3.5,36,20,2.22,1.18,0.54,-0.99
27.0209,620,10067,336.16,10214,50.6,3.5,36,21,2.2,1.19,0.54,-0.99
27.1211,694,10033,332.52,10085,50.57,3.47,38,21,2.2,1.18,-0.07,-0.99
27.2213,694,10067,330.8,10714,50.44,3.83,37,21,2.22,1.19,-0.07,-0.99
27.3215,694,11194,371.26,11442,50.49,4.28,36,21,2.2,1.16,-0.68,-0.99
27.4217,694,11320,415.48,11428,50.52,4.47,36,21,2.21,1.16,-0.68,-0.99
27.5219,694,11363,433.61,11457,50.54,4.76,36,21,2.22,1.17,-0.07,-0.32
27.6221,694,11363,434.07,11428,50.49,4.99,36,21,2.23,1.16,0.54,0.2
27.7224,694,11320,437.1,11400,50.54,4.5,36,21,2.2,1.18,-0.07,0.2
27.8226,694,11278,431.57,11485,50.53,4.47,37,21,2.21,1.14,-0.07,0.2
27.9228,694,11278,422.95,11385,50.54,4.47,36,21,2.21,1.18,-0.07,-0.32
28.023,694,11320,427.84,11342,50.51,4.41,36,22,2.21,1.16,-0.07,0.2
28.1233,694,11320,436.25,11328,50.5,4.34,36,22,2.21,1.18,-0.07,-0.99
28.2235,637,11406,429.67,11471,50.54,4.34,36,22,2.19,1.17,-0.07,-0.32
28.3237,637,11320,422.0,10685,50.63,3.99,37,22,2.22,1.18,-0.07,-0.99
28.424,637,10344,412.85,10471,50.6,3.7,37,22,2.21,1.19,-0.07,-0.99
28.5242,637,10273,386.94,10385,50.57,3.47,37,22,2.19,1.17,-0.07,-0.99
28.6244,637,10309,368.29,10414,50.55,3.38,37,22,2.21,1.19,-0.07,-0.99
28.7248,637,10309,363.72,10442,50.59,3.31,37,22,2.2,1.17,-0.07,-0.99
28.8251,637,10309,362.76,10428,50.56,3.57,37,22,2.21,1.19,-0.07,-1.65
28.9253,546,9493,357.94,9128,50.67,3.18,37,22,2.2,1.17,-0.68,-0.32
29.0255,546,8928,346.79,8985,50.62,2.96,37,22,2.21,1.17,-0.07,-0.32
29.1257,546,2976,281.23,8942,50.6,2.76,37,23,2.22,1.15,-0.07,-0.32
29.2259,546,8902,273.52,8900,50.61,2.64,37,23,2.21,1.17,-0.07,-0.32
29.3261,546,8823,275.36,8942,50.61,2.67,36,23,2.17,1.17,-0.07,-0.32
29.4264,546,8902,278.19,8942,50.6,2.8,37,23,2.19,1.17,-0.07,-0.32
29.5266,546,8902,278.9,8914,50.61,2.8,37,23,2.21,1.17,-0.07,-0.32
29.6268,546,8849,277.56,8957,50.61,2.8,37,23,2.21,1.16,-0.07,-0.32
29.727,546,8823,275.78,8942,50.63,2.8,37,23,2.19,1.15,-1.29,-0.32
29.8275,546,8875,271.85,8957,50.63,2.8,37,23,2.18,1.16,-1.29,0.2
29.9277,546,8849,271.68,8928,50.62,2.83,37,23,2.19,1.17,-1.29,0.2
30.0279,546,2973,271.27,8957,50.61,2.86,37,23,2.19,1.17,-1.29,0.2
30.1282,536,8875,270.54,8871,50.64,2.8,37,24,2.21,1.15,-1.29,0.2
30.2283,536,8771,269.32,8742,50.6,2.76,37,24,1.85,1.16,-1.29,0.2
30.3286,526,8746,266.91,8700,50.63,2.7,38,24,2.2,1.16,-1.29,0.2
30.4288,526,8571,260.3,8685,50.62,2.57,37,24,2.19,1.16,-1.29,0.2
30.5291,516,8522,252.5,8542,50.63,2.47,37,24,2.21,1.14,-0.68,0.2
30.6293,516,8426,247.62,8471,50.64,2.51,37,24,2.2,1.16,-0.68,0.2
30.7295,506,8356,246.56,8457,50.64,2.44,37,24,2.19,1.15,-0.68,0.2
30.8297,506,8219,245.25,8242,50.64,2.38,37,24,2.19,1.16,-1.29,0.2
30.9299,496,8152,239.63,8200,50.66,2.38,37,24,2.21,1.15,-0.68,0.58
31.0301,496,8064,235.96,8100,50.65,2.31,37,24,2.2,1.14,-0.68,0.58
31.1304,486,8021,229.01,8042,50.64,2.31,37,25,2.22,1.14,-0.68,0.58
31.2306,486,7915,222.65,7928,50.66,2.25,38,25,2.21,1.16,-0.07,0.58
31.3308,476,7874,216.69,7871,50.64,2.22,38,25,2.19,1.16,-0.07,0.58
31.4311,476,7751,211.85,7728,50.65,2.18,37,25,2.23,1.14,-0.07,0.97
31.5314,466,7692,205.35,7742,50.64,2.12,38,25,2.19,1.14,-0.07,0.97
31.6316,466,7481,199.34,7585,50.65,2.06,38,25,2.2,1.16,-0.68,0.2
31.7318,456,7556,199.64,7485,50.67,1.99,38,25,2.2,1.16,-0.68,0.2
31.8321,456,7407,192.97,7442,50.67,1.96,38,25,2.21,1.16,-0.68,0.2
31.9323,446,7425,187.43,7414,50.66,1.89,38,25,2.2,1.15,-0.68,0.2
32.0325,446,3618,184.69,7314,50.66,1.93,38,25,2.18,1.16,-0.68,0.2
32.1327,436,7246,180.16,7214,50.7,1.83,38,25,2.22,1.15,-0.68,0.2
32.233,436,7042,178.67,7100,50.68,1.86,38,25,2.21,1.14,-0.07,0.58
32.3332,426,7142,176.99,7085,50.68,1.83,38,25,2.2,1.15,-0.68,0.58
32.4334,426,3456,173.76,6957,50.67,1.77,38,25,1.99,1.15,-0.68,0.58
32.5336,416,3436,170.46,6842,50.68,1.73,39,25,2.2,1.13,-0.68,0.58
32.6339,416,6696,164.25,6757,50.68,1.67,38,25,2.21,1.15,-0.68,0.58
32.7341,406,6681,156.42,6771,50.68,1.67,38,25,2.29,1.15,-0.68,0.58
32.8344,406,6521,154.74,6628,50.68,1.64,38,25,2.21,1.15,-0.07,0.58
32.9346,396,6535,151.94,6557,50.7,1.6,38,25,2.22,1.14,-0.07,0.58
33.0348,396,6369,149.52,6414,50.69,1.6,38,25,2.22,1.13,0.54,0.58
33.1351,386,6382,143.86,6400,50.69,1.6,38,25,2.2,1.14,0.54,0.97
33.2354,386,6342,138.08,6357,50.71,1.57,38,26,2.2,1.15,-0.07,0.97
33.3356,376,6211,135.11,6228,50.71,1.54,39,26,1.88,1.15,-0.68,0.97
33.4358,376,3051,132.86,6085,50.71,1.54,38,26,2.21,1.15,-0.68,0.58
33.5361,366,6097,130.78,6100,50.72,1.51,38,26,2.21,1.15,-0.68,0.58
33.6364,366,5952,124.4,5985,50.7,1.41,38,26,2.21,1.14,-0.07,0.58
33.7367,356,2967,120.54,5914,50.71,1.35,38,26,2.2,1.24,-0.07,0.58
33.8369,356,2901,117.98,5800,50.72,1.35,38,26,2.2,1.13,-0.07,0.58
33.9372,346,5758,112.64,5757,50.71,1.28,39,26,1.87,1.13,-0.68,0.97
34.0375,346,2832,106.67,5671,50.71,1.25,39,26,2.21,1.15,-0.68,0.97
34.1377,336,5639,103.22,5614,50.72,1.25,39,26,2.21,1.14,-0.68,0.97
34.238,336,2747,100.53,5514,50.73,1.19,38,26,2.21,1.16,-0.07,0.97
34.3383,326,5405,97.72,5500,50.72,1.19,39,26,2.21,1.05,-0.07,0.97
34.4385,326,5281,93.79,5385,50.72,1.19,38,26,2.21,1.15,-0.07,0.58
34.5388,316,5309,90.19,5357,50.74,1.15,39,26,2.21,1.16,-0.07,0.58
34.639,316,5145,88.06,5200,50.73,1.15,38,26,2.22,1.14,-0.07,0.58
34.7393,306,2588,85.29,5200,50.72,1.12,39,26,2.23,1.16,-0.07,0.58
34.8395,306,5628,82.82,5014,50.74,1.06,38,26,2.21,1.47,-0.07,0.2
34.9397,296,5016,81.3,5000,50.73,1.03,39,26,2.22,1.08,0.54,0.2
35.04,296,4800,79.96,4842,50.75,0.99,38,26,2.23,1.08,0.54,0.97
35.1403,286,4784,78.54,4828,50.75,0.96,38,26,2.23,1.15,1.16,0.58
35.2405,286,4608,75.94,4642,50.75,0.93,38,26,2.22,1.14,0.54,0.97
35.3408,276,4643,73.91,4614,50.75,0.9,38,26,2.23,1.14,1.16,0.97
35.4411,276,2240,69.61,4457,50.74,0.86,38,26,2.23,1.15,1.16,0.97
35.5414,266,4431,66.39,4457,50.74,0.86,39,26,2.22,1.15,1.16,0.58
35.6416,266,4273,63.59,4271,50.74,0.77,38,26,2.22,1.17,0.54,0.58
35.7418,256,4237,60.33,4242,50.75,0.8,38,26,2.23,1.15,1.16,0.58
35.8421,256,4065,57.61,4085,50.76,0.77,38,26,2.22,1.15,0.54,0.58
35.9424,246,4048,54.41,4085,50.74,0.74,38,26,2.25,1.17,0.54,0.58
36.0427,246,3901,51.52,3928,50.76,0.74,39,26,2.22,1.15,0.54,0.58
36.1429,236,3921,50.11,3900,50.76,0.7,39,26,2.22,1.16,0.54,0.58
36.2444,236,3768,47.74,3757,50.77,0.67,38,26,2.22,1.18,0.54,0.2
36.3447,226,1886,43.69,3785,50.75,0.67,38,26,2.22,1.17,0.54,-0.32
36.445,226,3636,42.74,3614,50.76,0.64,38,26,1.95,1.17,0.54,-0.32
36.5452,216,3562,41.28,3600,50.76,0.64,38,26,2.23,1.15,0.54,-0.32
36.6455,216,3367,40.32,3442,50.77,0.61,39,26,2.22,1.16,0.54,-0.32
36.7458,206,3382,38.53,3428,50.75,0.57,38,26,2.23,1.15,0.54,0.2
36.846,206,3222,36.81,3228,50.75,0.54,38,26,2.22,1.17,0.54,0.2
36.9463,196,3191,34.99,3200,50.76,0.54,38,26,2.22,1.15,0.54,0.58
37.0465,196,3042,32.37,3042,50.77,0.51,39,26,2.24,1.15,0.54,0.58
37.1468,186,3006,30.83,3028,50.77,0.51,38,26,2.22,1.15,0.54,0.58
37.2472,186,2879,27.77,2885,50.78,0.51,39,27,2.22,1.16,0.54,0.58
37.3475,176,2811,26.0,2857,50.78,0.48,39,27,2.21,1.15,0.54,0.58
37.4478,176,2714,24.7,2714,50.78,0.48,38,27,2.22,1.16,0.54,0.58
37.5481,166,2669,23.03,2671,50.78,0.45,39,27,2.22,1.17,0.54,0.2
37.6484,166,2523,21.58,2485,50.78,0.41,39,27,1.95,1.14,0.54,0.2
37.7486,156,2442,20.05,2428,50.78,0.38,39,27,2.22,1.16,0.54,0.2
37.8489,156,2295,17.89,2285,50.79,0.35,39,27,2.27,1.15,0.54,0.2
37.9491,146,2215,16.33,2214,50.79,0.35,38,27,2.23,1.18,0.54,0.2
38.0498,146,2087,14.41,2057,50.79,0.32,38,27,2.22,1.16,0.54,0.2
38.15,136,1994,12.19,1985,50.79,0.32,38,27,2.25,1.18,1.16,0.2
38.2503,136,1839,10.62,1842,50.79,0.28,38,27,2.22,1.16,1.16,0.2
38.3527,126,1777,9.26,1771,50.79,0.28,38,27,2.18,1.18,0.54,-0.99
38.453,126,1616,8.19,1600,50.79,0.25,39,27,2.22,1.19,0.54,-0.99
38.5532,116,1536,6.96,1514,50.79,0.25,39,27,2.24,1.19,0.54,-0.99
38.6535,116,1404,5.71,1357,50.79,0.22,38,27,2.22,1.49,0.54,-1.65
38.7538,106,1265,4.5,1242,50.8,0.22,39,27,2.22,1.21,0.54,-1.65
38.854,106,1202,3.27,1085,50.8,0.19,39,27,1.86,1.23,0.54,-2.98
38.9543,96,1010,2.12,942,50.82,0.16,39,27,2.22,1.25,0.54,-4.31
39.0546,96,877,-0.03,785,50.82,0.16,38,27,2.22,1.31,0.54,-5.65
39.1548,86,786,-0.89,600,50.82,0.16,38,27,2.23,1.33,0.54,-5.65
39.2551,86,716,-1.59,342,50.82,0.12,38,27,2.23,1.33,0.54,-9.64
39.3554,0,646,-2.19,214,50.82,0.12,38,27,2.23,1.47,1.16,-11.73
39.4556,0,646,-2.48,0,50.82,0.09,39,27,2.23,1.47,1.16,-11.73
39.5559,0,646,-2.23,0,50.82,0.09,39,27,2.23,1.47,1.16,-30.0
39.6561,0,646,-1.94,0,50.82,0.09,39,27,2.23,1.47,1.16,-30.0
39.7564,0,0,-1.86,0,50.83,0.09,38,27,2.23,1.47,1.16,-30.0
39.8567,0,0,-1.91,0,50.82,0.09,38,27,2.23,1.47,1.16,-30.0
39.9569,0,0,-1.93,0,50.82,0.09,38,27,2.23,1.47,1.16,-30.0
40.0572,0,0,-1.95,0,50.83,0.09,38,27,2.23,1.47,1.16,-30.0
40.1574,0,0,-1.98,0,50.82,0.09,38,27,2.23,1.47,1.16,-30.0
40.2577,0,0,-1.91,0,50.82,0.09,39,27,2.23,1.47,1.16,-30.0
40.358,0,0,-1.92,0,50.82,0.09,38,27,2.23,1.47,1.16,-30.0
40.4583,0,0,-1.98,0,50.82,0.09,38,27,2.23,1.47,1.16,-30.0
40.5585,0,0,-2.02,0,50.82,0.09,37,27,2.23,1.47,1.16,-30.0
40.6588,0,0,-1.95,0,50.82,0.09,38,27,2.23,1.47,1.16,-30.0
40.759,0,0,-1.9,0,50.82,0.09,38,27,2.23,1.47,1.16,-30.0
40.8593,0,0,-1.96,0,50.82,0.09,38,27,2.23,1.47,1.16,-30.0
40.9595,0,0,-1.88,0,50.82,0.09,38,27,2.23,1.47,1.16,-30.0
41.0598,0,0,-1.88,0,50.82,0.09,38,27,2.23,1.47,1.16,-30.0
41.16,0,0,-1.93,0,50.82,0.09,38,27,2.23,1.47,1.16,-30.0
41.2603,0,0,-1.93,0,50.82,0.09,37,27,2.23,1.47,1.16,-30.0
41.3605,0,0,-1.95,0,50.82,0.09,38,27,2.23,1.47,1.16,-30.0
41.4608,0,0,-1.9,0,50.82,0.09,38,27,2.23,1.47,1.16,-30.0
41.5611,0,0,-1.87,0,50.83,0.09,37,27,2.23,1.47,1.16,-30.0
41.6613,0,0,-1.9,0,50.83,0.09,38,27,2.23,1.47,1.16,-30.0
41.7615,0,0,-1.9,0,50.83,0.09,38,27,2.23,1.47,1.16,-30.0
41.8618,0,0,-1.87,0,50.82,0.09,38,27,2.23,1.47,1.16,-30.0
41.9621,0,0,-1.9,0,50.83,0.09,38,27,2.23,1.47,1.16,-30.0
42.0624,0,0,-2.02,0,50.83,0.09,38,27,2.23,1.47,1.16,-30.0
42.1626,0,0,-1.95,0,50.82,0.09,38,27,2.23,1.47,1.16,-30.0
42.2629,0,0,-1.88,0,50.83,0.09,38,27,2.23,1.47,1.16,-30.0
42.3631,0,0,-1.97,0,50.83,0.09,39,27,2.23,1.47,1.16,-30.0
42.4634,0,0,-1.98,0,50.82,0.09,38,27,2.23,1.47,1.16,-30.0
42.5636,0,0,-1.97,0,50.82,0.09,38,27,2.23,1.47,1.16,-30.0
42.6639,0,0,-2.03,0,50.82,0.09,38,27,2.23,1.47,1.16,-30.0
42.7641,0,0,-2.15,0,50.83,0.09,38,27,2.23,1.47,1.16,-30.0
42.8644,0,0,-2.11,0,50.83,0.09,38,27,2.23,1.47,1.16,-30.0
42.9646,0,0,-2.05,0,50.83,0.09,37,27,2.23,1.47,1.16,-30.0
43.0649,0,0,-2.2,0,50.83,0.09,38,27,2.23,1.47,1.16,-30.0
43.1651,0,0,-2.22,0,50.83,0.09,38,27,2.23,1.47,1.16,-30.0
43.2654,0,0,-2.18,0,50.83,0.09,38,27,2.23,1.47,1.16,-30.0
43.3657,0,0,-2.11,0,50.83,0.09,38,27,2.23,1.47,1.16,-30.0
43.466,0,0,-2.14,0,50.82,0.09,38,27,2.23,1.47,1.16,-30.0
43.5662,0,0,-2.2,0,50.83,0.09,38,27,2.23,1.47,1.16,-30.0
43.6665,0,0,-2.08,0,50.83,0.09,37,27,2.23,1.47,1.16,-30.0
43.7667,0,0,-2.03,0,50.83,0.09,38,27,2.23,1.47,1.16,-30.0
