time_s,throttle,rpm_hall,weight_g,esc_rpm,voltage_v,current_a,temp_c,mah,pos_voltage,neg_voltage,pitch_pos,pitch_neg
0.0013,137,1687,1.09,1685,49.46,0.25,29,49,0.3265,-0.3105,-1.33,-2.05
0.1015,137,1685,1.14,1685,49.46,0.25,29,49,0.3264,-0.3102,-1.33,-1.92
0.2018,137,1685,0.83,1685,49.46,0.25,29,49,0.3252,-0.3095,-1.51,-2.05
0.302,137,1689,0.86,1685,49.45,0.25,29,49,0.3252,-0.31,-1.54,-1.92
0.4023,137,1693,0.86,1685,49.45,0.25,30,49,0.3252,-0.31,-1.9,-1.92
0.5025,137,1686,1.16,1685,49.45,0.25,30,49,0.3257,-0.31,-1.9,-1.92
0.6028,137,1686,1.0,1685,49.45,0.25,30,49,0.3257,-0.3093,-1.9,-1.92
0.7032,137,1688,1.03,1685,49.45,0.25,29,49,0.3257,-0.3093,-1.75,-1.92
0.8034,137,1690,1.1,1685,49.45,0.25,30,49,0.3257,-0.3084,-1.75,-2.1
0.9037,137,1690,0.95,1685,49.45,0.25,30,49,0.326,-0.308,-1.75,-2.1
1.0039,137,1688,0.97,1685,49.45,0.25,29,49,0.326,-0.3069,-1.75,-2.32
1.1042,137,1691,1.02,1685,49.45,0.28,30,49,0.3268,-0.3069,-1.66,-2.42
1.2044,137,1690,1.11,1685,49.45,0.28,30,49,0.3273,-0.308,-1.66,-2.42
1.3046,137,1685,0.95,1685,49.45,0.28,30,49,0.3273,-0.3088,-1.42,-2.42
1.4049,137,1685,1.1,1685,49.45,0.28,30,49,0.3273,-0.3084,-1.27,-2.42
1.5052,137,1692,1.08,1685,49.45,0.25,30,49,0.3273,-0.3088,-1.27,-2.32
1.6057,137,1689,0.94,1685,49.46,0.28,30,49,0.3266,-0.3084,-1.27,-2.32
1.706,137,1686,0.85,1685,49.46,0.28,30,49,0.3266,-0.3079,-1.27,-2.32
1.8062,137,1686,0.96,1685,49.46,0.28,30,49,0.3266,-0.3078,-1.48,-2.32
1.9065,137,1688,0.88,1685,49.46,0.25,30,49,0.3262,-0.3086,-1.48,-2.32
2.0067,137,1684,0.91,1685,49.46,0.25,30,49,0.325,-0.3086,-1.48,-2.32
2.107,137,1688,0.9,1685,49.45,0.25,30,49,0.3246,-0.3086,-1.6,-2.28
2.2072,137,1689,0.93,1685,49.45,0.25,29,49,0.3246,-0.3086,-1.96,-2.28
2.3075,137,1690,0.86,1685,49.45,0.25,30,49,0.325,-0.31,-1.96,-2.28
2.4077,137,1687,0.73,1685,49.45,0.25,30,49,0.3253,-0.3091,-1.96,-2.28
2.508,137,1689,0.73,1685,49.45,0.25,30,49,0.3253,-0.3103,-1.96,-2.15
2.6083,137,1689,0.68,1685,49.45,0.25,30,49,0.3283,-0.3107,-1.87,-1.92
2.7086,137,1687,0.76,1685,49.45,0.25,30,49,0.3283,-0.3107,-1.87,-1.85
2.8089,137,1687,0.91,1685,49.45,0.25,30,49,0.3264,-0.3091,-1.54,-1.85
2.9091,137,1686,1.14,1685,49.45,0.25,30,49,0.3264,-0.3089,-1.54,-1.85
3.0094,137,1688,1.22,1685,49.45,0.25,30,49,0.3266,-0.3082,-1.48,-2.15
3.1097,137,1688,0.9,1685,49.45,0.25,30,49,0.3266,-0.307,-1.48,-2.2
3.21,137,1689,1.01,1685,49.45,0.25,30,49,0.3266,-0.3075,-1.48,-2.38
3.3103,137,1689,1.11,1685,49.46,0.25,30,49,0.3273,-0.3075,-1.48,-2.55
3.4105,137,1690,0.99,1685,49.46,0.28,30,49,0.3273,-0.3079,-1.48,-2.55
3.5108,137,1689,0.98,1685,49.46,0.28,30,49,0.3254,-0.308,-1.48,-2.55
3.611,137,1689,1.22,1685,49.45,0.28,30,49,0.3259,-0.308,-1.48,-2.45
3.7113,137,1690,1.15,1685,49.45,0.25,29,49,0.3259,-0.309,-1.69,-2.42
3.8116,137,1688,1.07,1685,49.45,0.25,30,49,0.3254,-0.3101,-1.69,-2.42
3.9119,137,1688,0.86,1685,49.45,0.25,30,49,0.3254,-0.3093,-1.84,-2.17
4.0121,137,1690,0.79,1685,49.45,0.28,30,49,0.3256,-0.309,-1.78,-2.17
4.1124,137,1692,1.01,1685,49.45,0.28,30,49,0.3261,-0.31,-1.78,-2.1
4.2126,137,1691,1.07,1685,49.45,0.28,30,49,0.3261,-0.3097,-1.78,-2.0
4.3129,137,1685,1.16,1685,49.45,0.28,30,49,0.3256,-0.3089,-1.78,-2.1
4.4131,137,1684,1.2,1685,49.45,0.28,30,49,0.3261,-0.3089,-1.63,-2.17
4.5135,137,1690,0.85,1685,49.45,0.28,30,49,0.3261,-0.3075,-1.63,-2.2
4.6137,137,1691,0.77,1685,49.45,0.28,30,49,0.3253,-0.3074,-1.63,-2.2
4.714,137,1691,0.78,1685,49.45,0.25,30,49,0.3254,-0.3074,-1.78,-2.55
4.8143,137,1691,1.1,1685,49.45,0.28,30,49,0.3255,-0.307,-1.81,-2.57
4.9145,137,1687,1.08,1685,49.45,0.25,30,49,0.3252,-0.3074,-1.84,-2.57
5.0147,137,1689,0.89,1685,49.45,0.25,30,49,0.3254,-0.3063,-1.84,-2.57
5.115,137,1685,0.78,1685,49.45,0.25,30,49,0.3252,-0.3077,-1.84,-2.57
5.2152,137,1690,1.04,1685,49.45,0.25,30,49,0.3252,-0.3083,-1.9,-2.57
5.3156,137,1690,0.98,1685,49.45,0.25,30,49,0.3259,-0.309,-1.9,-2.5
5.4158,137,1692,0.98,1685,49.45,0.25,30,49,0.3259,-0.3084,-1.84,-2.35
5.516,137,1691,1.2,1685,49.45,0.25,30,49,0.326,-0.309,-1.69,-2.32
5.6164,137,1687,1.11,1685,49.45,0.25,30,49,0.326,-0.309,-1.69,-2.17
5.7166,137,1690,1.27,1685,49.45,0.25,30,49,0.3259,-0.3077,-1.69,-2.17
5.8169,137,1690,1.01,1685,49.45,0.25,30,49,0.3258,-0.3077,-1.69,-2.32
5.9173,137,1688,0.93,1685,49.45,0.25,30,49,0.3257,-0.3077,-1.69,-2.5
6.0176,137,1691,0.72,1685,49.45,0.25,30,49,0.3264,-0.3077,-1.69,-2.5
6.1179,137,1689,0.8,1685,49.45,0.25,30,49,0.3257,-0.3082,-1.72,-2.5
6.2182,137,1689,0.77,1685,49.45,0.25,30,49,0.3264,-0.3082,-1.72,-2.5
6.3184,137,1686,0.92,1685,49.45,0.25,30,49,0.3267,-0.3077,-1.54,-2.5
6.4187,137,1686,0.96,1685,49.45,0.28,30,49,0.3264,-0.3082,-1.54,-2.38
6.5194,137,1686,0.95,1685,49.45,0.25,30,49,0.3264,-0.31,-1.54,-2.38
6.6198,137,1690,0.83,1685,49.45,0.25,30,49,0.3265,-0.31,-1.54,-2.38
6.72,137,1690,0.96,1685,49.45,0.25,30,49,0.3265,-0.31,-1.51,-1.92
6.8202,137,1691,0.95,1685,49.45,0.25,30,49,0.3272,-0.3084,-1.51,-1.92
6.9205,137,1689,0.94,1685,49.45,0.25,30,49,0.3281,-0.309,-1.51,-1.92
7.0207,137,1688,1.16,1685,49.45,0.25,30,49,0.3272,-0.308,-1.3,-2.17
7.121,137,1688,1.17,1685,49.45,0.25,30,49,0.3283,-0.3078,-1.3,-2.32
7.2212,137,1690,1.05,1685,49.45,0.25,30,49,0.3283,-0.3068,-1.03,-2.42
7.3215,137,1690,1.21,1685,49.46,0.25,30,49,0.3269,-0.3068,-1.03,-2.47
7.4217,137,1685,1.05,1685,49.46,0.25,30,49,0.3269,-0.3078,-1.3,-2.47
7.522,137,1694,1.11,1685,49.46,0.28,30,49,0.3273,-0.3074,-1.27,-2.57
7.6222,137,1688,1.03,1685,49.46,0.25,30,49,0.3263,-0.3091,-1.39,-2.57
7.7227,137,1688,0.98,1685,49.47,0.28,30,49,0.3271,-0.3087,-1.39,-2.47
7.823,137,1687,1.1,1685,49.47,0.28,30,49,0.326,-0.3091,-1.39,-2.25
7.9232,137,1692,0.99,1685,49.47,0.28,30,49,0.3279,-0.3087,-1.33,-2.25
8.0235,137,1690,1.08,1685,49.47,0.28,30,49,0.3266,-0.3083,-1.48,-2.25
8.1237,137,1690,1.01,1685,49.47,0.28,30,49,0.3266,-0.3083,-1.48,-2.25
8.224,137,1690,1.0,1685,49.47,0.28,30,49,0.3266,-0.3083,-1.48,-2.35
8.3242,137,1691,0.9,1685,49.47,0.28,30,49,0.3279,-0.3081,-1.48,-2.35
8.4245,137,1691,0.88,1685,49.47,0.28,30,49,0.3279,-0.3076,-1.48,-2.35
8.5247,137,1689,0.9,1685,49.47,0.28,30,49,0.3279,-0.3081,-1.09,-2.4
8.625,137,1688,0.9,1685,49.47,0.28,30,49,0.3284,-0.3083,-1.09,-2.4
8.7252,137,1689,1.03,1685,49.47,0.28,30,49,0.3284,-0.3075,-1.09,-2.4
8.8256,137,1690,1.01,1685,49.47,0.25,30,49,0.3292,-0.3092,-0.94,-2.4
8.9258,137,1690,0.94,1685,49.47,0.25,30,49,0.3292,-0.3092,-0.94,-2.35
9.0261,137,1688,0.9,1685,49.47,0.25,30,49,0.3283,-0.3092,-0.94,-2.13
9.1263,137,1691,1.02,1685,49.47,0.25,30,49,0.3273,-0.3092,-0.94,-2.13
9.2266,137,1688,1.08,1685,49.46,0.25,30,49,0.3271,-0.3081,-0.97,-2.13
9.3268,137,1688,1.15,1685,49.46,0.28,30,49,0.3269,-0.3081,-1.27,-2.13
9.4271,137,1686,1.08,1685,49.46,0.28,30,49,0.3256,-0.3081,-1.33,-2.4
9.5273,137,1691,0.93,1685,49.45,0.28,30,49,0.3253,-0.3079,-1.39,-2.4
9.6275,137,1691,1.1,1685,49.45,0.28,30,49,0.3256,-0.3077,-1.78,-2.4
9.7278,137,1689,0.99,1685,49.45,0.25,30,49,0.3256,-0.3074,-1.78,-2.45
9.828,137,1690,1.05,1685,49.45,0.28,30,49,0.3259,-0.3074,-1.78,-2.5
9.9283,137,1692,0.92,1685,49.45,0.28,30,49,0.3256,-0.3068,-1.78,-2.57
10.0286,137,1692,0.86,1685,49.45,0.28,30,49,0.3256,-0.3068,-1.78,-2.57
10.1288,137,1689,0.85,1685,49.45,0.28,30,49,0.3256,-0.3068,-1.78,-2.72
10.2291,137,1690,0.92,1685,49.45,0.28,30,49,0.3244,-0.3071,-1.78,-2.72
10.3296,137,1689,1.01,1685,49.45,0.28,30,49,0.3244,-0.3075,-1.78,-2.72
10.4299,137,1689,0.93,1685,49.46,0.28,30,49,0.3256,-0.3081,-1.78,-2.65
10.5301,137,1692,0.93,1685,49.46,0.28,30,49,0.3256,-0.3075,-1.78,-2.55
10.6304,137,1689,1.09,1685,49.46,0.28,30,49,0.326,-0.3081,-1.78,-2.55
10.7306,137,1687,0.89,1685,49.45,0.28,30,49,0.3278,-0.308,-1.78,-2.42
10.8309,137,1690,0.91,1685,49.45,0.28,30,49,0.3262,-0.3081,-1.66,-2.4
10.9312,137,1693,0.93,1685,49.45,0.28,30,49,0.3273,-0.3081,-1.6,-2.4
11.0314,137,1687,0.86,1685,49.45,0.25,30,49,0.3283,-0.3084,-1.27,-2.4
11.1317,137,1688,0.87,1685,49.45,0.25,30,49,0.3273,-0.3084,-1.27,-2.4
11.2319,137,1690,0.74,1685,49.45,0.25,30,49,0.326,-0.3085,-1.27,-2.32
11.3321,67,1684,0.92,1571,49.45,0.25,30,49,0.3263,-0.3088,-1.27,-2.32
11.4324,67,1683,1.07,1014,49.46,0.19,30,49,0.3273,-0.3084,-1.27,-2.32
11.5327,87,1292,0.52,628,49.46,0.16,30,49,0.3264,-0.3084,-1.54,-2.32
11.6329,87,1292,0.08,457,49.46,0.12,30,49,0.3264,-0.307,-1.54,-2.32
11.7332,107,1022,0.16,314,49.47,0.09,30,49,0.3264,-0.3069,-1.54,-2.32
11.8334,107,750,0.06,457,49.49,0.12,30,49,0.3263,-0.3069,-1.54,-2.67
11.9337,127,535,0.2,671,49.48,0.12,30,49,0.326,-0.3049,-1.54,-2.7
12.034,127,535,0.1,885,49.48,0.16,30,49,0.3246,-0.3049,-1.57,-2.7
12.1342,147,764,-0.14,1114,49.47,0.19,30,49,0.3228,-0.2963,-1.66,-3.2
12.2345,147,1029,0.16,1428,49.49,0.25,30,49,0.3092,-0.2923,-2.08,-3.2
12.3349,167,1302,0.0,1642,49.48,0.28,30,49,0.3092,-0.2923,-2.63,-5.35
12.4352,167,1706,0.2,1914,49.46,0.35,30,49,0.3092,-0.2936,-6.74,-6.02
12.5354,187,1978,0.4,2142,49.45,0.38,30,49,0.3242,-0.2959,-6.74,-6.02
12.6356,187,2364,0.43,2485,49.45,0.48,30,49,0.3273,-0.2966,-6.74,-6.02
12.7359,207,2540,0.56,2714,49.45,0.54,30,49,0.3286,-0.2979,-2.21,-5.45
12.8361,207,2887,0.57,2942,49.44,0.61,30,49,0.3312,-0.3015,-1.27,-5.28
12.9364,227,3024,0.41,3114,49.44,0.64,30,49,0.3312,-0.303,-0.88,-4.95
13.0366,227,3363,0.7,3414,49.42,0.7,30,50,0.3331,-0.3059,-0.09,-4.05
13.1369,247,3460,1.36,3585,49.42,0.74,30,50,0.3346,-0.3083,-0.09,-3.67
13.2376,247,3797,1.86,3800,49.42,0.8,30,50,0.3392,-0.3074,0.12,-2.95
13.3379,265,3841,2.18,3900,49.41,0.83,30,50,0.3428,-0.303,0.22,-2.95
13.4381,265,4076,2.91,4100,49.42,0.86,30,50,0.343,-0.303,0.56,-2.95
13.5384,280,4132,3.21,4242,49.38,0.93,30,50,0.3391,-0.3055,0.56,-3.05
13.6386,280,4317,3.58,4328,49.39,0.93,30,50,0.3386,-0.3072,0.56,-3.05
13.7389,291,4386,3.97,4414,49.42,0.96,30,50,0.338,-0.3079,0.55,-3.05
13.8391,291,4511,4.05,4542,49.42,0.99,30,50,0.3381,-0.3082,0.51,-2.63
13.9393,300,4587,3.76,4614,49.4,0.99,30,50,0.3391,-0.3112,0.51,-2.45
14.0395,300,4680,4.15,4700,49.42,1.03,30,50,0.338,-0.311,0.48,-2.38
14.1398,306,4739,4.04,4728,49.4,1.03,30,50,0.338,-0.3099,0.47,-1.95
14.2401,306,4800,4.22,4814,49.4,1.06,30,50,0.3387,-0.3089,0.48,-1.95
14.3404,311,4831,4.5,4885,49.39,1.06,30,50,0.3392,-0.3091,0.52,-1.95
14.4406,311,4926,4.67,4914,49.4,1.09,30,50,0.3396,-0.3089,0.52,-2.15
14.5409,316,4942,4.49,4971,49.41,1.06,30,50,0.3364,-0.3092,0.52,-2.15
14.6413,316,5000,4.44,5014,49.41,1.06,30,50,0.3364,-0.3101,0.52,-2.15
14.7416,317,5008,3.86,5028,49.41,1.03,30,50,0.3363,-0.3099,0.35,-2.13
14.8418,317,5034,3.86,5042,49.41,1.03,30,50,0.3375,-0.3105,0.35,-1.95
14.9421,319,5051,4.12,5057,49.4,1.03,30,50,0.3381,-0.3109,0.35,-1.9
15.0423,319,5076,4.18,5071,49.39,1.06,30,50,0.3381,-0.3099,0.43,-1.9
15.1426,319,5076,4.1,5100,49.39,1.06,30,50,0.337,-0.3089,0.43,-1.95
15.243,319,5068,4.28,5085,49.4,1.06,30,50,0.3365,-0.3111,0.43,-1.8
15.3433,319,5076,4.71,5085,49.41,1.03,30,50,0.3383,-0.3105,0.48,-1.8
15.4438,319,5076,4.67,5085,49.4,1.03,30,50,0.3376,-0.3091,0.44,-1.95
15.544,319,5068,4.53,5100,49.41,1.03,30,50,0.3357,-0.3085,0.4,-2.15
15.6443,319,5076,4.62,5085,49.38,1.03,30,50,0.3368,-0.3109,0.38,-1.8
15.7446,319,5076,4.39,5085,49.4,1.06,30,50,0.3366,-0.3104,0.38,-1.82
15.8448,319,5076,4.34,5114,49.41,1.06,30,50,0.3391,-0.3103,0.38,-1.85
15.9451,317,5059,4.44,5085,49.41,1.06,31,50,0.3367,-0.3114,0.38,-1.82
16.0453,317,5051,4.51,5042,49.38,1.03,31,50,0.3353,-0.3108,0.38,-1.72
16.1456,317,5042,4.42,5057,49.38,1.03,30,50,0.3378,-0.3105,0.38,-1.8
16.2459,317,5042,5.07,5042,49.39,1.03,30,50,0.3367,-0.3096,0.38,-1.8
16.3461,317,5042,5.45,5042,49.39,1.03,30,50,0.3359,-0.3096,0.38,-1.8
16.4464,317,5034,4.92,5042,49.4,1.06,30,50,0.3385,-0.309,0.38,-2.03
16.5466,317,5042,5.24,5057,49.41,1.06,30,50,0.3395,-0.31,0.46,-2.03
16.6469,317,5042,5.27,5042,49.4,1.03,31,50,0.3372,-0.3102,0.41,-2.03
16.7471,317,5034,4.81,5042,49.4,1.03,30,50,0.3362,-0.31,0.41,-1.92
16.8474,317,5042,4.81,5057,49.4,1.03,30,50,0.3388,-0.3123,0.51,-1.92
16.9477,317,5034,4.43,5071,49.4,1.03,31,50,0.3391,-0.3113,0.53,-1.88
17.0479,317,5042,4.28,5071,49.4,1.03,31,50,0.339,-0.3109,0.53,-1.7
17.1482,317,5042,4.6,5042,49.39,1.03,30,51,0.3393,-0.3109,0.54,-1.7
17.2489,317,5034,4.06,5042,49.4,1.03,31,51,0.337,-0.3111,0.54,-1.65
17.3492,317,5042,4.28,5042,49.38,1.03,30,51,0.3366,-0.3115,0.54,-1.65
17.4495,317,5042,3.9,5042,49.4,1.03,30,51,0.3366,-0.3096,0.4,-1.7
17.5498,317,5034,3.83,5057,49.38,1.03,30,51,0.3369,-0.3097,0.39,-1.7
17.6501,317,5042,4.13,5085,49.4,1.03,31,51,0.3369,-0.3098,0.39,-1.97
17.7504,317,5042,4.65,5028,49.41,1.03,30,51,0.337,-0.309,0.39,-2.0
17.8507,317,5042,4.62,5042,49.41,1.03,31,51,0.3361,-0.3093,0.39,-2.03
17.9509,317,5042,4.65,5071,49.39,1.06,31,51,0.337,-0.3093,0.39,-2.1
18.0513,317,5042,4.87,5042,49.41,1.03,30,51,0.3369,-0.3089,0.39,-2.1
18.1517,317,5042,4.87,5028,49.39,1.03,31,51,0.3377,-0.3105,0.4,-2.1
18.252,317,5034,4.9,5042,49.4,1.06,31,51,0.3356,-0.3126,0.39,-2.1
18.3522,317,5042,4.47,5042,49.41,1.03,31,51,0.3356,-0.3115,0.39,-1.8
18.4525,317,5042,4.43,5057,49.39,1.03,31,51,0.3369,-0.3114,0.39,-1.57
18.5527,317,5042,4.9,5057,49.39,1.03,31,51,0.3366,-0.3114,0.37,-1.57
18.6529,317,5034,4.54,5042,49.39,1.03,31,51,0.3384,-0.3104,0.37,-1.57
18.7532,317,5042,4.59,5071,49.39,1.06,31,51,0.3372,-0.3104,0.39,-1.57
18.8534,317,5042,4.81,5071,49.41,1.03,31,51,0.3357,-0.3093,0.39,-1.82
18.9536,317,5042,4.56,5071,49.41,1.03,31,51,0.3354,-0.3108,0.37,-1.82
19.054,317,5042,4.47,5042,49.41,0.99,31,51,0.3371,-0.3118,0.4,-1.82
19.1544,317,5042,4.68,5057,49.41,0.99,30,51,0.3376,-0.3106,0.4,-1.77
19.2548,317,5042,4.78,5042,49.39,0.99,31,51,0.3368,-0.3106,0.38,-1.77
19.355,317,5042,4.69,5042,49.39,1.03,31,51,0.338,-0.3107,0.4,-1.75
19.4553,317,5034,4.66,5071,49.39,1.06,31,51,0.338,-0.3112,0.44,-1.75
19.5555,317,5042,4.77,5042,49.39,1.06,31,51,0.3394,-0.31,0.47,-1.77
19.6558,317,5042,4.78,5042,49.39,1.03,31,51,0.3394,-0.3103,0.47,-1.77
19.7561,317,5034,4.54,5057,49.39,0.99,31,51,0.3386,-0.3107,0.51,-1.75
19.8563,317,5042,4.15,5057,49.39,0.99,31,51,0.3368,-0.3112,0.51,-1.75
19.9565,317,5042,4.51,5028,49.39,0.99,31,51,0.3365,-0.311,0.51,-1.75
20.0568,317,5034,5.19,5042,49.4,0.99,31,51,0.3369,-0.3108,0.39,-1.72
20.1573,317,5042,4.52,5042,49.4,1.03,31,51,0.337,-0.3099,0.39,-1.72
20.2575,317,5034,4.19,5057,49.36,1.03,31,52,0.3349,-0.309,0.38,-1.72
20.3579,317,5042,4.14,5042,49.38,1.03,31,52,0.3356,-0.309,0.36,-1.95
20.4582,317,5042,4.51,5042,49.38,1.06,31,52,0.3378,-0.3104,0.39,-1.95
20.5585,317,5042,4.51,5057,49.38,0.99,31,52,0.3373,-0.3096,0.4,-2.03
20.6587,317,5034,4.43,5071,49.38,0.99,31,52,0.3373,-0.3099,0.42,-2.03
20.759,317,5042,5.06,5042,49.38,1.03,31,52,0.3384,-0.3103,0.42,-1.95
20.8592,317,5042,5.25,5042,49.38,0.99,31,52,0.3392,-0.3082,0.46,-1.95
20.9595,317,5042,4.87,5057,49.38,1.03,31,52,0.3382,-0.3088,0.48,-2.03
21.06,317,5042,4.96,5071,49.38,1.06,31,52,0.3354,-0.3099,0.48,-1.95
21.1603,317,5042,4.79,5042,49.38,1.03,31,52,0.3354,-0.3101,0.48,-1.95
21.2605,317,5034,4.78,5042,49.4,1.06,31,52,0.3373,-0.3111,0.42,-1.95
21.3608,317,5042,4.94,5028,49.37,1.03,32,52,0.3361,-0.3125,0.33,-1.9
21.4612,317,5042,4.45,5071,49.38,0.99,31,52,0.3385,-0.3125,0.33,-1.65
21.5614,317,5034,4.56,5042,49.4,1.03,31,52,0.3395,-0.3123,0.42,-1.35
21.6617,317,5042,4.6,5042,49.4,0.99,31,52,0.3395,-0.3119,0.51,-1.35
21.7619,317,5034,4.94,5042,49.39,1.03,32,52,0.3345,-0.3115,0.51,-1.35
21.8622,317,5042,5.07,5042,49.39,1.06,31,52,0.3364,-0.3115,0.51,-1.45
21.9625,317,5034,4.82,5057,49.38,1.03,32,52,0.3373,-0.31,0.42,-1.55
22.0627,317,5042,4.79,5042,49.38,1.06,31,52,0.338,-0.3113,0.42,-1.55
22.163,317,5042,5.0,5042,49.38,1.03,32,52,0.3402,-0.3117,0.42,-1.55
22.2632,317,5042,5.43,5042,49.38,1.03,32,52,0.3369,-0.3111,0.42,-1.6
22.3635,317,5042,5.41,5057,49.38,1.03,32,52,0.3378,-0.3099,0.46,-1.65
22.4637,317,5042,5.22,5071,49.38,1.03,32,52,0.3376,-0.3101,0.46,-1.65
22.564,317,5042,5.03,5042,49.38,1.06,31,52,0.3376,-0.3111,0.44,-1.65
22.6642,317,5042,4.6,5042,49.38,1.03,32,52,0.3369,-0.3104,0.44,-1.82
22.7645,317,5042,4.63,5057,49.39,1.03,32,52,0.3374,-0.3114,0.44,-1.82
22.8647,317,5034,4.88,5042,49.38,1.03,32,52,0.3362,-0.3111,0.43,-1.65
22.9649,317,5042,4.94,5028,49.4,0.99,32,52,0.3387,-0.3095,0.43,-1.65
23.0652,317,5034,4.46,5042,49.39,1.03,32,52,0.3393,-0.3096,0.43,-1.82
23.1655,317,5042,4.38,5071,49.39,1.03,31,52,0.3386,-0.3121,0.51,-1.65
23.2658,317,5042,3.79,5057,49.39,1.06,31,52,0.3367,-0.3112,0.51,-1.65
23.3661,337,5217,4.18,5200,49.35,1.09,32,52,0.3364,-0.3107,0.51,-1.75
23.4663,337,5338,4.32,5342,49.37,1.15,32,52,0.337,-0.3103,0.4,-1.75
23.5666,357,5587,4.63,5471,49.36,1.22,32,52,0.3359,-0.311,0.38,-1.67
23.6668,357,5660,4.24,5685,49.35,1.32,32,52,0.3338,-0.3125,0.35,-1.67
23.767,377,5848,4.2,5771,49.35,1.41,32,52,0.3322,-0.3109,0.32,-1.7
23.8673,377,5917,4.63,5914,49.36,1.41,32,52,0.332,-0.3109,0.17,-1.7
23.968,396,6173,5.22,6057,49.36,1.48,32,52,0.3319,-0.3123,0.05,-1.67
24.0683,396,6224,5.03,6228,49.32,1.54,32,52,0.3319,-0.3093,0.04,-1.7
24.1686,412,6356,4.66,6371,49.32,1.64,32,52,0.3311,-0.3087,0.03,-1.7
24.2688,412,6466,4.65,6485,49.34,1.64,33,52,0.3322,-0.3085,0.03,-2.1
24.3691,426,6593,4.96,6557,49.33,1.7,32,53,0.3319,-0.3106,0.03,-2.1
24.4693,426,6696,4.96,6771,49.33,1.73,32,53,0.332,-0.3126,0.03,-2.1
24.5696,438,6834,5.44,6800,49.29,1.89,32,53,0.3324,-0.313,0.04,-1.77
24.6698,438,6912,5.41,6957,49.33,1.89,32,53,0.331,-0.3111,0.04,-1.65
24.7701,446,6993,5.73,7000,49.32,1.96,32,53,0.3326,-0.3107,0.04,-1.65
24.8703,446,7059,6.53,7028,49.31,1.89,32,53,0.3328,-0.3095,0.07,-1.65
24.9706,454,7126,6.89,7114,49.32,1.93,32,53,0.3339,-0.3108,0.08,-1.72
25.0709,454,7177,6.7,7214,49.32,1.89,33,53,0.3333,-0.3127,0.09,-1.72
25.1712,459,7229,7.28,7200,49.32,1.93,32,53,0.3368,-0.3085,0.13,-1.75
25.2714,459,7229,7.72,7257,49.32,1.93,32,53,0.3365,-0.3105,0.17,-1.8
25.3717,464,7317,8.55,7285,49.31,1.83,32,53,0.3358,-0.3108,0.31,-1.72
25.4719,464,7335,9.23,7385,49.31,1.8,33,53,0.3365,-0.3095,0.36,-1.8
25.5722,469,7389,9.47,7371,49.32,1.8,32,53,0.3374,-0.3089,0.36,-2.05
25.6725,469,7407,9.94,7414,49.32,1.83,32,53,0.3376,-0.3089,0.36,-2.05
25.7728,470,7444,9.76,7442,49.34,1.86,32,53,0.3355,-0.3074,0.36,-2.2
25.873,470,7444,9.39,7442,49.32,1.86,32,53,0.3365,-0.3074,0.36,-2.2
25.9735,472,7463,9.99,7528,49.32,1.83,33,53,0.336,-0.307,0.36,-2.57
26.0739,472,7463,10.5,7514,49.32,1.86,33,53,0.3369,-0.3084,0.36,-2.57
26.1742,474,7481,10.39,7500,49.32,1.86,32,53,0.3368,-0.3082,0.36,-2.57
26.2744,474,7500,10.43,7557,49.31,1.86,33,53,0.3374,-0.3079,0.38,-2.45
26.3747,474,7500,11.59,7571,49.33,1.86,33,54,0.3372,-0.3076,0.39,-2.45
26.4749,474,7500,11.39,7528,49.32,1.86,33,54,0.3355,-0.3075,0.39,-2.45
26.5751,474,7500,10.74,7500,49.32,1.83,33,54,0.3357,-0.3063,0.38,-2.53
26.6755,474,7500,10.71,7542,49.32,1.83,32,54,0.3364,-0.3055,0.35,-2.55
26.7757,474,7500,10.51,7557,49.32,1.8,33,54,0.3366,-0.3058,0.35,-2.85
26.8765,474,7500,10.72,7514,49.32,1.8,33,54,0.3365,-0.3088,0.35,-2.85
26.9767,474,7500,10.59,7571,49.32,1.83,33,54,0.3361,-0.3088,0.35,-2.85
27.0773,474,7500,11.21,7514,49.33,1.83,33,54,0.3356,-0.3089,0.35,-2.22
27.1776,474,7500,10.09,7514,49.32,1.83,33,54,0.3355,-0.308,0.33,-2.22
27.2779,474,7500,10.06,7557,49.32,1.83,33,54,0.336,-0.3093,0.33,-2.22
27.3781,474,7500,10.45,7542,49.32,1.83,32,54,0.3362,-0.3069,0.33,-2.22
27.4783,474,7519,10.3,7500,49.3,1.86,33,54,0.3359,-0.3077,0.32,-2.42
27.5785,474,7519,9.65,7500,49.32,1.86,33,54,0.3353,-0.3065,0.32,-2.5
27.6787,474,7519,9.62,7528,49.3,1.89,33,54,0.3353,-0.307,0.32,-2.67
27.7789,474,7500,10.28,7600,49.32,1.89,33,54,0.3353,-0.3051,0.27,-2.7
27.879,474,7500,11.03,7500,49.32,1.89,33,54,0.3371,-0.3056,0.27,-2.8
27.9793,474,7519,11.32,7528,49.3,1.89,33,54,0.3356,-0.307,0.27,-2.8
28.0796,474,7500,11.23,7514,49.3,1.86,33,54,0.3362,-0.3085,0.3,-2.67
28.1798,474,7500,9.95,7557,49.31,1.86,33,54,0.3362,-0.3061,0.34,-2.9
28.28,474,7500,9.25,7528,49.32,1.86,33,54,0.3347,-0.3064,0.34,-2.82
28.3801,474,7500,10.18,7557,49.32,1.86,33,54,0.3366,-0.3058,0.34,-2.82
28.4803,474,7500,10.72,7571,49.28,1.83,33,55,0.3353,-0.3043,0.34,-2.9
28.5805,474,7500,11.22,7528,49.3,1.86,33,55,0.3366,-0.3054,0.34,-2.97
28.6807,474,7500,11.49,7542,49.31,1.86,33,55,0.3377,-0.3081,0.37,-2.97
28.7809,474,7500,10.66,7571,49.3,1.86,33,55,0.3358,-0.3066,0.37,-2.97
28.8811,474,7500,9.84,7542,49.32,1.86,34,55,0.3358,-0.307,0.31,-2.78
28.9813,474,7500,9.79,7514,49.3,1.83,33,55,0.3358,-0.3077,0.31,-2.67
29.0815,474,7519,10.54,7528,49.31,1.83,34,55,0.335,-0.3077,0.31,-2.5
29.1817,474,7500,10.87,7500,49.32,1.83,33,55,0.3362,-0.306,0.31,-2.67
29.2819,474,7500,10.86,7571,49.3,1.86,34,55,0.3353,-0.306,0.31,-2.67
29.3821,474,7500,11.3,7542,49.3,1.83,33,55,0.3364,-0.3064,0.31,-2.82
29.4823,474,7519,10.77,7571,49.31,1.86,33,55,0.3364,-0.3084,0.34,-2.82
29.5825,474,7500,10.89,7528,49.32,1.86,33,55,0.336,-0.3067,0.34,-2.82
29.6827,474,7500,10.52,7542,49.3,1.86,33,55,0.3345,-0.3059,0.33,-2.82
29.7829,474,7500,10.45,7542,49.32,1.89,34,55,0.3349,-0.3057,0.33,-2.82
29.8831,474,7519,9.85,7528,49.3,1.89,34,55,0.3366,-0.3058,0.33,-2.95
29.9833,474,7519,9.81,7542,49.3,1.89,34,55,0.3366,-0.3071,0.33,-2.95
30.0835,474,7500,9.99,7514,49.31,1.86,34,55,0.3339,-0.3078,0.25,-2.95
30.1837,474,7500,9.57,7500,49.31,1.86,34,55,0.3367,-0.3062,0.37,-2.87
30.2839,474,7519,9.6,7500,49.32,1.86,34,55,0.3375,-0.3065,0.37,-2.8
30.3841,474,7500,10.03,7571,49.31,1.86,34,55,0.3351,-0.3052,0.37,-2.8
30.4843,474,7519,10.88,7571,49.32,1.86,34,56,0.3367,-0.3049,0.38,-2.87
30.5845,474,7500,10.84,7571,49.32,1.86,34,56,0.3357,-0.305,0.38,-3.12
30.6852,474,7519,10.15,7557,49.3,1.89,34,56,0.3351,-0.307,0.3,-3.12
30.7853,474,7519,9.94,7557,49.32,1.86,34,56,0.337,-0.3071,0.3,-3.12
30.8856,474,7519,10.06,7542,49.31,1.83,34,56,0.3377,-0.3066,0.38,-2.78
30.9858,474,7519,11.02,7557,49.3,1.83,34,56,0.3359,-0.3075,0.32,-2.67
31.086,474,7519,10.66,7500,49.31,1.86,34,56,0.3357,-0.3052,0.32,-2.67
31.1862,474,7500,9.84,7600,49.33,1.86,34,56,0.3364,-0.3074,0.35,-2.65
31.2864,474,7519,11.0,7528,49.31,1.86,34,56,0.3345,-0.3075,0.32,-2.57
31.3866,474,7500,10.96,7542,49.32,1.86,35,56,0.3367,-0.3053,0.32,-2.57
31.4868,474,7519,11.12,7542,49.32,1.83,34,57,0.3376,-0.3053,0.35,-3.1
31.587,474,7500,11.23,7571,49.32,1.83,34,57,0.337,-0.3046,0.38,-3.1
31.6871,474,7519,11.92,7557,49.3,1.86,34,57,0.3365,-0.3048,0.38,-3.1
31.7875,474,7519,10.95,7514,49.32,1.83,34,57,0.336,-0.3072,0.38,-3.1
31.8877,474,7500,10.56,7514,49.31,1.83,35,57,0.3367,-0.3068,0.38,-3.1
31.9879,474,7519,10.48,7514,49.32,1.86,35,57,0.3379,-0.3072,0.38,-2.72
32.0881,474,7500,10.51,7528,49.31,1.83,34,57,0.3355,-0.3079,0.36,-2.63
32.1884,474,7519,10.37,7571,49.29,1.83,35,57,0.3366,-0.3074,0.37,-2.63
32.2886,474,7519,10.48,7471,49.31,1.83,35,57,0.3365,-0.3051,0.37,-2.63
32.3888,474,7519,10.79,7557,49.3,1.83,35,57,0.3358,-0.3065,0.36,-2.63
32.489,474,7500,10.84,7500,49.29,1.83,35,57,0.3364,-0.3057,0.35,-2.8
32.5892,474,7519,10.69,7557,49.32,1.86,35,57,0.3352,-0.3059,0.35,-2.95
32.6895,474,7519,10.58,7500,49.31,1.86,35,57,0.3352,-0.3057,0.31,-3.0
32.7897,474,7519,10.81,7528,49.31,1.86,35,57,0.3356,-0.3055,0.3,-3.0
32.8899,474,7500,10.94,7514,49.3,1.93,35,57,0.3353,-0.3058,0.27,-3.0
32.9901,474,7500,11.37,7542,49.32,1.89,35,57,0.3359,-0.3066,0.27,-2.97
33.0903,474,7519,11.82,7500,49.3,1.89,35,57,0.333,-0.3066,0.27,-2.97
33.1905,474,7500,11.73,7571,49.3,1.89,35,57,0.3361,-0.3069,0.3,-2.78
33.2907,474,7519,11.12,7542,49.3,1.86,35,57,0.3355,-0.3061,0.29,-2.78
33.391,474,7519,10.84,7500,49.3,1.86,35,57,0.3364,-0.3068,0.32,-2.78
33.4911,474,7519,11.3,7542,49.3,1.86,35,57,0.335,-0.3049,0.29,-2.78
33.5916,474,7519,11.6,7500,49.27,1.86,35,58,0.3343,-0.3065,0.29,-2.8
33.6918,454,7519,10.91,7528,49.29,1.86,35,58,0.3365,-0.3079,0.29,-2.8
33.792,454,7335,10.59,7514,49.31,1.83,35,58,0.3355,-0.3076,0.29,-2.72
33.8922,434,7212,9.68,7228,49.33,1.73,35,58,0.3358,-0.3075,0.29,-2.55
33.9924,434,6993,8.9,7100,49.34,1.64,35,58,0.3366,-0.3088,0.31,-2.53
34.0926,414,6865,9.38,6885,49.33,1.44,35,58,0.3317,-0.3112,0.31,-2.45
34.1928,414,6608,8.88,6828,49.32,1.41,35,58,0.3312,-0.3104,0.29,-2.22
34.293,394,6522,7.48,6542,49.34,1.35,35,58,0.3305,-0.3123,0.01,-1.82
34.3933,394,6303,6.47,6414,49.37,1.25,35,58,0.3301,-0.3123,-0.09,-1.63
34.4935,374,6224,6.54,6228,49.35,1.28,35,58,0.3306,-0.3103,-0.27,-1.63
34.5937,374,6000,6.22,6200,49.35,1.22,35,58,0.3311,-0.31,-0.27,-1.82
34.6939,354,5941,6.33,5957,49.33,1.19,35,58,0.331,-0.3109,-0.27,-1.7
34.7941,354,5703,5.7,5785,49.35,1.12,35,58,0.3343,-0.3091,-0.15,-1.85
34.8944,334,5639,5.54,5642,49.36,1.15,35,58,0.3357,-0.3078,-0.12,-1.92
34.9946,334,5386,5.15,5600,49.39,1.09,35,58,0.3349,-0.3087,0.2,-2.15
35.0948,314,5319,4.33,5342,49.39,1.03,35,58,0.3349,-0.3088,0.25,-2.22
35.195,314,5085,4.23,5228,49.39,0.93,36,58,0.3388,-0.307,0.25,-2.25
35.2952,294,5008,4.25,5042,49.37,0.83,35,58,0.3394,-0.3081,0.3,-2.4
35.3954,294,4739,4.45,4971,49.36,0.83,35,58,0.3381,-0.3086,0.48,-2.28
35.4956,274,4651,4.49,4700,49.38,0.83,36,58,0.3383,-0.3067,0.49,-2.4
35.5962,274,4491,4.75,4528,49.38,0.8,36,58,0.338,-0.3101,0.49,-2.4
35.6964,254,4267,4.83,4285,49.39,0.74,35,58,0.3385,-0.3096,0.49,-2.28
35.7966,254,4054,4.21,4257,49.39,0.74,35,58,0.3399,-0.3085,0.49,-2.28
35.8968,234,3942,4.61,3971,49.4,0.64,35,58,0.3415,-0.3072,0.51,-2.3
35.997,234,3764,4.53,3857,49.41,0.61,36,58,0.3416,-0.3046,0.61,-2.3
36.0972,214,3650,3.86,3671,49.41,0.61,36,58,0.3399,-0.3065,0.61,-2.63
36.1974,214,3484,3.62,3642,49.41,0.54,35,58,0.3394,-0.3075,0.61,-2.63
36.2977,194,3300,2.82,3342,49.4,0.51,35,58,0.3369,-0.3083,0.61,-2.63
36.3979,194,3122,2.63,3185,49.42,0.48,36,58,0.3343,-0.3083,0.57,-2.55
36.4983,174,2979,2.58,2971,49.41,0.45,35,58,0.3343,-0.3091,0.39,-2.35
36.5985,174,2778,2.5,2928,49.41,0.45,36,58,0.3372,-0.3091,0.39,-2.35
36.6987,154,2648,2.44,2642,49.41,0.41,36,58,0.3372,-0.3091,0.39,-2.15
36.799,154,2513,2.28,2500,49.42,0.38,35,58,0.3369,-0.3091,0.39,-2.15
36.8992,137,2268,2.11,2257,49.42,0.32,35,58,0.3355,-0.3098,0.39,-2.15
36.9995,137,2104,1.94,2171,49.42,0.32,35,58,0.3369,-0.3094,0.39,-2.15
37.0997,122,1966,1.81,1957,49.42,0.25,36,58,0.3365,-0.3089,0.39,-2.15
37.2,122,1825,1.53,1814,49.42,0.25,36,58,0.3365,-0.3086,0.36,-2.15
37.3003,111,1666,1.18,1614,49.42,0.22,35,58,0.3366,-0.3086,0.36,-2.2
37.4006,111,1552,0.96,1500,49.42,0.22,36,58,0.3365,-0.3067,0.36,-2.28
37.5009,103,1439,0.88,1342,49.42,0.19,36,58,0.3361,-0.3055,0.36,-2.28
37.6011,103,1295,0.72,1185,49.42,0.19,35,58,0.3349,-0.3047,0.36,-2.75
37.7014,98,1173,0.66,1057,49.42,0.16,36,58,0.3337,-0.3029,0.33,-3.05
37.8016,98,1071,0.25,914,49.43,0.16,36,58,0.3335,-0.3022,0.25,-3.25
37.9019,97,916,0.21,771,49.44,0.16,36,58,0.3289,-0.2995,0.16,-3.7
38.0022,97,831,0.03,700,49.44,0.12,36,58,0.3284,-0.299,0.14,-3.87
38.1024,97,751,-0.1,600,49.44,0.12,36,58,0.3259,-0.2989,-0.79,-4.55
38.2027,97,751,-0.08,542,49.44,0.12,36,58,0.3259,-0.2963,-0.94,-4.68
38.3029,102,674,-0.15,485,49.43,0.12,36,58,0.3239,-0.2907,-1.69,-4.7
38.4032,102,584,-0.17,457,49.43,0.12,35,58,0.3232,-0.2876,-1.69,-5.35
38.5035,107,520,-0.34,500,49.43,0.12,36,58,0.3171,-0.2876,-2.3,-6.75
38.6037,107,520,-0.38,528,49.43,0.12,36,58,0.3111,-0.2826,-2.51,-7.52
38.704,112,520,-0.24,600,49.43,0.16,36,58,0.3097,-0.2777,-4.35,-7.52
38.8043,112,541,-0.07,642,49.44,0.16,35,58,0.3057,-0.2666,-6.16,-8.77
38.9046,117,606,-0.36,742,49.44,0.16,36,58,0.2925,-0.2666,-6.59,-10.0
39.0048,117,726,-0.43,785,49.44,0.16,35,58,0.2925,-0.2666,-7.79,-11.75
39.1051,137,779,-0.22,914,49.45,0.16,36,58,0.2925,-0.2666,-10.94,-11.75
39.2054,137,964,-0.03,971,49.45,0.19,36,58,0.2925,-0.2666,-10.94,-11.75
39.3057,157,1039,-0.03,1200,49.44,0.19,36,58,0.2925,-0.2811,-10.94,-11.75
39.4063,157,1254,0.02,1400,49.43,0.22,35,58,0.305,-0.2871,-10.94,-11.75
39.5066,177,1638,0.13,1671,49.43,0.28,36,58,0.3122,-0.2911,-10.94,-9.15
39.6068,177,1859,0.44,1842,49.43,0.32,36,58,0.3252,-0.294,-8.01,-7.65
39.7071,197,2203,0.67,2128,49.42,0.38,36,58,0.3269,-0.3084,-5.83,-6.65
39.8073,197,2431,0.96,2400,49.42,0.48,35,58,0.3278,-0.3114,-1.9,-5.93
39.9076,217,2757,1.04,2685,49.41,0.54,36,58,0.3301,-0.3126,-1.39,-2.32
40.0078,217,2921,1.23,2857,49.42,0.57,36,58,0.3302,-0.3136,-1.12,-1.57
40.1081,237,3229,1.61,3114,49.41,0.64,35,58,0.3313,-0.3139,-0.42,-1.27
40.2083,237,3436,1.85,3328,49.41,0.7,36,58,0.3333,-0.314,-0.39,-1.02
40.3087,257,3641,2.39,3585,49.41,0.77,35,58,0.336,-0.3135,-0.06,-1.02
40.409,257,3836,2.7,3671,49.41,0.8,35,58,0.3382,-0.3111,0.13,-1.02
40.5092,277,3974,3.41,3942,49.41,0.83,36,58,0.3404,-0.3074,0.33,-1.05
40.6095,277,4184,3.77,4057,49.4,0.9,36,58,0.3377,-0.3084,0.45,-1.65
40.7097,297,4286,3.93,4285,49.39,0.93,36,58,0.3375,-0.3093,0.45,-2.1
40.81,297,4552,3.82,4285,49.39,0.96,36,58,0.3386,-0.3099,0.48,-2.1
40.9103,317,4680,3.9,4614,49.35,1.06,35,58,0.3387,-0.3108,0.51,-2.1
41.0105,317,4959,4.24,4771,49.38,1.09,36,58,0.3365,-0.3088,0.45,-2.1
41.1108,337,5042,4.49,5014,49.36,1.15,36,59,0.3362,-0.3073,0.43,-2.1
41.211,337,5319,4.95,5042,49.39,1.15,35,59,0.3363,-0.3096,0.36,-2.03
41.3112,357,5367,4.4,5328,49.35,1.22,35,59,0.3371,-0.314,0.36,-2.03
41.412,357,5566,4.28,5428,49.33,1.28,36,59,0.3365,-0.3125,0.36,-2.03
41.5123,376,5671,3.86,5642,49.33,1.35,36,59,0.3362,-0.311,0.35,-1.67
41.6125,376,5871,4.4,5685,49.35,1.38,36,59,0.3352,-0.3107,0.35,-1.67
41.7128,396,5952,4.76,5928,49.34,1.41,36,59,0.3316,-0.3106,0.34,-1.67
41.813,396,6160,4.52,6000,49.32,1.48,36,59,0.33,-0.3106,0.27,-1.75
41.9134,416,6237,4.66,6271,49.32,1.54,36,59,0.3296,-0.3119,0.01,-1.75
42.0136,416,6479,4.78,6271,49.34,1.57,36,59,0.3319,-0.3114,0.01,-1.75
42.1138,436,6536,6.18,6557,49.32,1.67,36,59,0.3299,-0.3098,-0.45,-1.77
42.2141,436,6834,6.3,6628,49.32,1.73,36,59,0.3288,-0.3116,-0.48,-1.57
42.3145,456,6897,5.55,6957,49.32,1.8,36,59,0.3304,-0.31,-0.48,-1.57
42.4148,456,7126,5.28,6900,49.33,1.86,36,59,0.3334,-0.3096,-0.33,-1.92
42.515,476,7194,5.38,7185,49.31,1.93,36,59,0.3341,-0.3085,-0.33,-1.97
42.6153,476,7463,5.75,7257,49.32,1.99,36,59,0.3334,-0.3083,0.14,-2.03
42.7155,496,7538,6.99,7528,49.28,1.99,36,59,0.3325,-0.3054,0.14,-2.3
42.8158,496,7772,8.64,7571,49.31,2.06,36,59,0.3349,-0.3042,0.14,-2.35
42.9161,516,7853,10.18,7842,49.24,2.18,36,59,0.3338,-0.3031,0.17,-3.07
43.0164,516,8130,10.69,7857,49.28,2.22,36,59,0.3333,-0.294,0.14,-3.37
43.1166,536,8197,11.57,8171,49.26,2.31,36,59,0.3395,-0.2828,0.17,-3.65
43.217,536,8380,15.58,8157,49.28,2.31,36,60,0.3487,-0.2969,0.25,-5.2
43.3174,556,8547,30.19,8485,49.23,2.47,36,60,0.3492,-0.2963,0.58,-5.35
43.4192,556,8721,38.72,8585,49.28,2.51,36,60,0.3484,-0.2947,1.22,-5.75
43.5194,573,8850,35.01,8814,49.27,2.57,36,60,0.342,-0.2936,1.22,-5.75
43.6197,573,9036,33.47,9100,49.22,2.73,36,60,0.3397,-0.2902,1.22,-5.75
43.72,586,9146,31.11,9100,49.22,2.73,36,60,0.3376,-0.2932,0.76,-6.02
43.8203,586,9288,30.32,9314,49.23,2.86,36,60,0.3363,-0.2928,0.59,-6.12
43.9206,597,9346,28.8,9314,49.23,2.86,36,60,0.3375,-0.2921,0.44,-6.22
44.0208,597,9494,28.11,9514,49.23,2.92,36,60,0.3392,-0.2915,0.44,-6.4
44.1211,605,9524,26.53,9514,49.23,2.92,36,60,0.3376,-0.2895,0.44,-6.4
44.2214,605,9615,25.36,9671,49.23,2.89,36,61,0.3384,-0.2913,0.44,-6.55
44.322,612,9646,26.84,9671,49.23,2.89,36,61,0.3375,-0.2911,0.44,-6.6
44.4222,612,9709,28.56,9771,49.21,2.8,36,61,0.3388,-0.2891,0.5,-6.65
44.5226,617,9740,30.25,9714,49.21,2.83,36,61,0.3372,-0.2887,0.44,-7.05
44.6229,617,9804,28.35,9814,49.25,2.86,36,61,0.3365,-0.2919,0.43,-6.65
44.7232,621,9836,26.55,9842,49.23,2.86,36,61,0.3369,-0.2906,0.41,-6.77
44.8234,621,9868,26.46,9871,49.2,2.99,37,61,0.3373,-0.2911,0.41,-6.77
44.9237,626,9901,28.17,9900,49.22,2.96,37,61,0.3382,-0.2898,0.41,-6.77
45.024,626,9967,28.82,10071,49.18,3.05,37,61,0.3351,-0.289,0.39,-6.77
45.1242,628,10000,28.71,10000,49.22,3.05,37,62,0.3351,-0.2885,0.39,-6.97
45.2247,628,10033,27.26,10000,49.21,2.96,36,62,0.3376,-0.2877,0.42,-7.18
45.325,630,10033,27.57,10071,49.23,2.99,37,62,0.3348,-0.2904,0.26,-7.18
45.4253,630,10033,28.37,10042,49.25,2.92,37,62,0.3378,-0.2898,0.26,-7.18
45.5255,630,10067,28.64,10014,49.21,2.89,37,62,0.3366,-0.2888,0.37,-7.22
45.6258,630,10067,28.65,10085,49.21,2.86,37,62,0.3325,-0.2902,0.37,-6.97
45.726,630,10067,27.95,10028,49.22,2.83,37,62,0.3356,-0.2878,0.3,-6.97
45.8263,630,10067,27.5,10071,49.2,2.83,37,62,0.3359,-0.29,0.32,-6.97
45.9266,630,10067,29.62,10114,49.21,2.86,37,62,0.335,-0.2882,0.3,-7.22
46.0268,630,10067,29.76,10071,49.23,2.83,37,62,0.336,-0.2893,0.3,-7.1
46.127,630,10067,28.93,10128,49.21,2.86,37,62,0.3345,-0.2898,0.3,-7.1
46.2273,630,10067,28.02,10142,49.24,2.86,37,62,0.3356,-0.2884,0.3,-7.1
46.3276,628,10067,29.4,10085,49.21,2.86,37,62,0.336,-0.2894,0.3,-7.1
46.4278,628,10033,29.84,10014,49.19,2.89,37,62,0.3328,-0.2902,0.3,-7.08
46.5281,628,10033,29.2,9971,49.23,2.86,37,62,0.3363,-0.2879,0.3,-7.08
46.6283,628,10033,30.33,10128,49.21,2.89,37,62,0.335,-0.2898,0.3,-7.08
46.7286,626,10033,29.77,10014,49.17,2.96,37,62,0.3352,-0.2895,0.27,-7.05
46.8289,626,10000,29.39,10028,49.22,2.83,37,62,0.3352,-0.2894,0.27,-7.05
46.9291,626,10000,29.6,10071,49.17,2.86,37,62,0.336,-0.2894,0.27,-7.08
47.0294,626,10000,28.59,10071,49.23,2.83,37,62,0.3351,-0.2919,0.27,-7.05
47.1297,626,10000,31.2,10114,49.18,2.86,37,62,0.3344,-0.2913,0.27,-7.05
47.2302,626,10000,30.1,10114,49.16,2.89,37,63,0.3353,-0.2907,0.27,-6.75
47.3305,624,10000,30.15,10042,49.22,2.89,37,63,0.3345,-0.2883,0.26,-6.75
47.4308,624,10000,30.2,10042,49.22,2.89,38,63,0.3351,-0.2905,0.26,-6.75
47.531,624,9967,29.5,9985,49.22,2.89,37,63,0.3369,-0.2886,0.26,-6.8
47.6313,624,9967,29.37,9971,49.19,2.86,38,63,0.3365,-0.2907,0.27,-6.8
47.7316,624,9967,29.56,9928,49.18,2.89,37,63,0.337,-0.29,0.36,-6.93
47.8318,624,9967,30.69,10028,49.17,2.83,38,63,0.3365,-0.2904,0.36,-6.83
47.9321,624,9967,28.44,10071,49.18,2.83,38,63,0.3376,-0.2915,0.39,-6.83
48.0323,624,9967,28.06,9942,49.23,2.86,38,63,0.3369,-0.2897,0.39,-6.83
48.1326,624,9967,28.31,10000,49.21,2.83,37,63,0.3353,-0.2895,0.39,-6.93
48.2328,624,9967,29.4,10000,49.22,2.83,38,64,0.3376,-0.2917,0.39,-6.83
48.3336,624,9967,28.61,9957,49.22,2.83,38,64,0.338,-0.2899,0.44,-6.95
48.4339,624,9967,28.38,10042,49.2,2.83,38,64,0.3356,-0.2906,0.39,-6.95
48.5342,624,9967,29.98,10071,49.22,2.83,38,64,0.3377,-0.2914,0.44,-6.77
48.6344,624,9967,30.07,10000,49.23,2.83,38,64,0.336,-0.2896,0.44,-6.77
48.7347,624,9967,30.61,10057,49.21,2.83,38,64,0.3384,-0.2894,0.45,-6.95
48.8349,624,9967,30.21,9942,49.21,2.86,38,64,0.335,-0.2916,0.33,-6.77
48.9352,624,9967,30.67,10028,49.2,2.8,38,64,0.3361,-0.29,0.33,-6.93
49.0354,624,9967,30.64,10057,49.22,2.83,38,64,0.3357,-0.2895,0.33,-7.02
49.1356,624,9967,31.54,9942,49.22,2.76,38,64,0.3363,-0.2917,0.33,-6.93
49.236,624,9967,30.47,9957,49.19,2.76,39,65,0.3361,-0.2903,0.33,-6.85
49.3362,624,9967,30.26,10000,49.19,2.8,38,65,0.3329,-0.2913,0.33,-6.85
49.4365,624,9967,31.14,9957,49.18,2.8,38,65,0.3356,-0.2899,0.3,-6.85
49.5367,624,9967,29.6,10000,49.18,2.83,39,65,0.334,-0.2893,0.3,-6.85
49.637,624,9967,29.62,10100,49.21,2.83,39,65,0.3352,-0.2888,0.27,-6.95
49.7373,643,10000,29.05,10000,49.18,2.86,39,65,0.3367,-0.2898,0.27,-6.97
49.8376,643,10204,27.98,10185,49.15,3.02,38,65,0.333,-0.2904,0.27,-6.97
49.9379,662,10274,28.57,10357,49.18,3.05,38,65,0.3326,-0.2884,0.18,-7.1
50.0381,662,10490,27.77,10585,49.14,3.21,38,65,0.3325,-0.2851,0.11,-7.22
50.1384,679,10563,28.96,10628,49.14,3.28,39,65,0.3324,-0.2868,0.08,-7.33
50.2386,679,10791,30.84,10814,49.11,3.38,39,66,0.3295,-0.2842,0.07,-7.72
50.3389,694,10830,29.89,10842,49.13,3.41,39,66,0.3299,-0.2855,0.07,-8.05
50.4391,694,11070,33.52,11214,49.1,3.57,39,66,0.3286,-0.2839,-0.48,-8.15
50.5394,707,11111,33.45,11200,49.13,3.6,39,66,0.3284,-0.2826,-0.6,-8.37
50.6396,707,11278,31.93,11371,49.1,3.67,39,66,0.3276,-0.2816,-0.88,-8.45
50.7399,716,11321,31.75,11385,49.14,3.57,39,66,0.3273,-0.2804,-0.94,-8.77
50.8402,716,11407,32.07,11457,49.14,3.5,38,66,0.3257,-0.2817,-1.18,-9.0
50.9405,724,11407,33.57,11471,49.14,3.5,39,66,0.3262,-0.282,-1.27,-9.0
51.0408,724,11628,34.08,11657,49.07,3.7,39,66,0.3266,-0.2807,-1.48,-9.02
51.141,730,11673,36.46,11571,49.13,3.83,39,66,0.326,-0.2817,-1.6,-9.0
51.2414,730,11765,36.24,11928,49.08,3.96,39,66,0.3256,-0.2791,-1.66,-9.0
51.3417,735,11811,36.19,11800,49.11,3.99,39,67,0.3242,-0.2801,-1.66,-9.25
51.442,0,11905,38.99,12000,49.1,4.05,39,67,0.3251,-0.2774,-1.78,-9.4
51.5422,0,7463,40.55,7157,49.75,3.47,39,67,0.3309,-0.2809,-1.78,-9.4
51.6425,0,4862,42.3,885,49.4,2.28,39,67,0.3333,-0.2811,-1.78,-9.4
51.7428,0,4862,37.81,0,49.39,0.51,39,67,0.3333,-0.2811,-0.18,-9.2
51.843,0,26316,18.56,0,49.39,0.09,39,67,0.0247,0.0137,-0.18,-9.2
51.9432,0,20270,3.02,0,49.39,0.09,39,67,0.0264,0.0147,-0.18,-9.2
52.0435,0,20270,1.2,0,49.39,0.09,39,67,0.0254,0.0141,-20.0,-20.0
52.1438,0,15957,1.3,0,49.39,0.09,39,67,0.0254,0.0148,-20.0,-20.0
52.244,0,22222,1.24,0,49.39,0.09,40,67,0.0242,0.0133,-20.0,-20.0
52.3443,0,23077,1.17,0,49.39,0.09,40,67,0.0265,0.0149,-20.0,-20.0
52.4445,0,20979,1.04,0,49.39,0.09,40,67,0.0253,0.0139,-20.0,-20.0
52.5447,0,24390,1.0,0,49.39,0.09,39,67,0.0261,0.0156,-20.0,-20.0
52.6451,0,27027,1.31,0,49.39,0.09,40,67,0.0256,0.0145,-20.0,-20.0
52.7453,0,26087,1.19,0,49.39,0.09,40,67,0.0249,0.0145,-20.0,-20.0
52.8455,0,16484,1.02,0,49.39,0.09,40,67,0.0263,0.015,-20.0,-20.0
52.9458,0,23256,1.17,0,49.4,0.09,39,67,0.0254,0.0145,-20.0,-20.0
53.0461,0,23437,0.99,0,49.4,0.09,40,67,0.0241,0.0143,-20.0,-20.0
53.1463,0,25424,0.96,0,49.4,0.09,40,67,0.0265,0.0138,-20.0,-20.0
53.2465,0,22556,1.07,0,49.4,0.09,39,67,0.0268,0.0146,-20.0,-20.0
53.3468,0,20979,1.09,0,49.4,0.09,40,67,0.0249,0.0145,-20.0,-20.0
53.447,0,25641,1.13,0,49.4,0.09,40,67,0.0257,0.0139,-20.0,-20.0
53.5472,0,26316,1.13,0,49.4,0.09,40,67,0.025,0.015,-20.0,-20.0
53.6475,0,19231,0.97,0,49.4,0.09,39,67,0.026,0.0153,-20.0,-20.0
53.7477,0,20548,1.1,0,49.4,0.09,39,67,0.0252,0.0146,-20.0,-20.0
53.8479,0,25000,1.06,0,49.4,0.09,40,67,0.026,0.0123,-20.0,-20.0
53.9487,0,20979,0.9,0,49.4,0.09,39,67,0.0261,0.0137,-20.0,-20.0
54.049,0,25862,0.8,0,49.4,0.09,40,67,0.0246,0.0139,-20.0,-20.0
54.1494,0,21739,0.8,0,49.41,0.09,39,67,0.0266,0.0139,-20.0,-20.0
54.2497,0,27027,0.82,0,49.42,0.09,41,67,0.0245,0.014,-20.0,-20.0
54.35,0,25000,0.83,0,49.41,0.09,39,67,0.0258,0.0129,-20.0,-20.0
54.4502,0,26549,0.9,0,49.42,0.09,40,67,0.026,0.0146,-20.0,-20.0
54.5505,0,26316,0.86,0,49.42,0.09,39,67,0.0252,0.0139,-20.0,-20.0
54.6508,0,21739,1.04,0,49.42,0.09,40,67,0.0262,0.0128,-20.0,-20.0
54.751,0,21429,1.06,0,49.42,0.09,39,67,0.0254,0.0142,-20.0,-20.0
54.8513,0,20548,1.06,0,49.42,0.09,40,67,0.0247,0.0144,-20.0,-20.0
54.9516,0,21739,1.03,0,49.42,0.09,39,67,0.0251,0.0155,-20.0,-20.0
55.052,0,26786,1.07,0,49.42,0.09,40,67,0.0263,0.0148,-20.0,-20.0
55.1523,0,28571,1.04,0,49.41,0.09,39,67,0.0256,0.0134,-20.0,-20.0
55.2525,0,24000,1.05,0,49.42,0.09,40,67,0.0249,0.0157,-20.0,-20.0
55.3528,0,24000,1.08,0,49.42,0.09,40,67,0.0256,0.0145,-20.0,-20.0
55.453,0,26786,1.08,0,49.42,0.09,39,67,0.0259,0.0152,-20.0,-20.0
55.5532,0,22556,1.08,0,49.42,0.09,39,67,0.0253,0.0131,-20.0,-20.0
55.6534,0,19608,0.96,0,49.42,0.09,40,67,0.0255,0.0143,-20.0,-20.0
55.7536,0,20270,0.92,0,49.42,0.09,40,67,0.0256,0.0151,-20.0,-20.0
55.8539,0,18293,1.07,0,49.42,0.09,40,67,0.0271,0.0141,-20.0,-20.0
55.9542,0,20270,1.05,0,49.42,0.09,40,67,0.0263,0.0152,-20.0,-20.0
56.0545,0,18750,1.12,0,49.42,0.09,39,67,0.0261,0.0164,-20.0,-20.0
56.1547,0,22222,1.07,0,49.42,0.09,39,67,0.0264,0.0152,-20.0,-20.0
56.2549,0,21429,1.14,0,49.42,0.09,39,67,0.0256,0.0145,-20.0,-20.0
56.3552,0,25210,1.05,0,49.42,0.09,39,67,0.0262,0.0142,-20.0,-20.0
56.4554,0,25424,1.05,0,49.42,0.09,39,67,0.027,0.0156,-20.0,-20.0
56.5556,0,24793,1.16,0,49.42,0.09,39,67,0.026,0.0145,-20.0,-20.0
56.6558,0,20979,1.09,0,49.42,0.09,39,67,0.0252,0.0141,-20.0,-20.0
