time_s,throttle,rpm_hall,weight_g,esc_rpm,voltage_v,current_a,temp_c,mah,pos_voltage,neg_voltage,pitch_pos,pitch_neg,enc_deg,pitch_enc
0.0143,0,0,-0.06,0,12.71,0.03,29,10,0.0,0.0,-20.0,-20.0,345.322,-7.47
0.1146,0,0,-0.06,0,12.71,0.03,29,10,0.0,0.0,-20.0,-20.0,345.322,-7.47
0.2148,0,0,-0.06,0,12.71,0.03,29,10,0.0,0.0,-20.0,-20.0,345.322,-7.47
0.3151,0,0,-0.06,0,12.71,0.03,29,10,0.0,0.0,-20.0,-20.0,345.322,-7.47
0.4155,0,0,-0.11,0,12.71,0.03,29,10,0.0,0.0,-20.0,-20.0,345.322,-7.47
0.5159,0,0,-0.11,0,12.71,0.03,29,10,0.0,0.0,-20.0,-20.0,345.322,-7.47
0.6162,0,0,-0.11,0,12.71,0.03,29,10,0.0,0.0,-20.0,-20.0,345.322,-7.47
0.7165,0,0,-0.11,0,12.71,0.03,29,10,0.0,0.0,-20.0,-20.0,345.322,-7.47
0.8167,0,0,-0.11,0,12.71,0.03,29,10,0.0,0.0,-20.0,-20.0,345.322,-7.47
0.919,0,0,-0.11,0,12.71,0.03,29,10,0.0,0.0,-20.0,-20.0,345.322,-7.47
1.0192,0,0,-0.11,0,12.71,0.03,29,10,0.0,0.0,-20.0,-20.0,345.322,-7.47
1.1195,0,0,-0.11,0,12.71,0.03,29,10,0.0,0.0,-20.0,-20.0,345.322,-7.47
1.2198,0,0,-0.11,0,12.71,0.03,29,10,0.0,0.0,-20.0,-20.0,345.322,-7.47
1.3201,0,0,-0.11,0,12.71,0.03,29,10,0.0,0.0,-20.0,-20.0,345.322,-7.47
1.4204,0,0,-0.18,0,12.72,0.03,29,10,0.0,0.0,-20.0,-20.0,345.322,-7.47
1.5207,0,0,-0.18,0,12.72,0.03,29,10,0.0,0.0,-20.0,-20.0,345.322,-7.47
1.621,0,0,-0.18,0,12.72,0.03,29,10,0.0,0.0,-20.0,-20.0,345.322,-7.47
1.7213,0,0,-0.18,0,12.72,0.03,29,10,0.0,0.0,-20.0,-20.0,345.322,-7.47
1.8215,0,0,-0.18,0,12.72,0.03,29,10,0.0,0.0,-20.0,-20.0,345.322,-7.47
1.9218,0,0,-0.18,0,12.72,0.03,29,10,0.0,0.0,-20.0,-20.0,345.322,-7.47
2.0221,0,0,-0.18,0,12.72,0.03,29,10,0.0,0.0,-20.0,-20.0,345.322,-7.47
2.1224,0,0,-0.18,0,12.72,0.03,29,10,0.0,0.0,-20.0,-20.0,345.322,-7.47
2.2226,0,0,-0.18,0,12.72,0.03,29,10,0.0,0.0,-20.0,-20.0,345.322,-7.47
2.3229,0,0,-0.18,0,12.72,0.03,29,10,0.0,0.0,-20.0,-20.0,345.322,-7.47
2.4233,125,0,-0.03,128,12.72,0.09,29,10,0.0,0.0,-20.0,-20.0,345.322,-7.47
2.5236,125,0,-0.03,128,12.72,0.09,29,10,0.0,0.0,-20.0,-20.0,345.322,-7.47
2.6239,125,0,-0.03,128,12.72,0.09,29,10,0.0,0.0,-20.0,-20.0,345.322,-7.47
2.7241,125,0,-0.03,128,12.72,0.09,29,10,0.0,0.0,-20.0,-20.0,345.322,-7.47
2.8244,125,0,-0.03,128,12.72,0.09,29,10,0.0,0.0,-20.0,-20.0,345.322,-7.47
2.9247,125,0,-0.03,128,12.72,0.09,29,10,0.0,0.0,-20.0,-20.0,345.322,-7.47
3.025,125,0,-0.03,128,12.72,0.09,29,10,0.0,0.0,-20.0,-20.0,345.322,-7.47
3.1253,125,0,-0.03,128,12.72,0.09,29,10,0.0,0.0,-20.0,-20.0,345.322,-7.47
3.2255,125,0,-0.03,128,12.72,0.09,29,10,0.0,0.0,-20.0,-20.0,345.322,-7.47
3.3258,125,0,-0.03,128,12.72,0.09,29,10,0.0,0.0,-20.0,-20.0,345.322,-7.47
3.4262,125,0,-0.06,714,12.72,0.09,29,10,0.0,0.0,-20.0,-20.0,345.322,-7.47
3.5266,125,0,-0.06,714,12.72,0.09,29,10,0.0,0.0,-20.0,-20.0,345.322,-7.47
3.6269,125,0,-0.06,714,12.72,0.09,29,10,0.0,0.0,-20.0,-20.0,345.322,-7.47
3.7272,125,0,-0.06,714,12.72,0.09,29,10,0.0,0.0,-20.0,-20.0,345.322,-7.47
3.8275,125,0,-0.06,714,12.72,0.09,29,10,0.0,0.0,-20.0,-20.0,345.322,-7.47
3.9278,125,0,-0.06,714,12.72,0.09,29,10,0.0,0.0,-20.0,-20.0,345.322,-7.47
4.0281,125,0,-0.06,714,12.72,0.09,29,10,0.0,0.0,-20.0,-20.0,345.322,-7.47
4.1283,125,0,-0.06,714,12.72,0.09,29,10,0.0,0.0,-20.0,-20.0,345.322,-7.47
4.2286,125,0,-0.06,714,12.72,0.09,29,10,0.0,0.0,-20.0,-20.0,345.41,-7.29
4.3288,125,0,-0.06,714,12.72,0.09,29,10,0.0,0.0,-20.0,-20.0,345.41,-7.29
4.4291,125,0,0.04,728,12.72,0.09,29,10,0.0,0.0,-20.0,-20.0,345.322,-7.47
4.5295,125,0,0.04,728,12.72,0.09,29,10,0.0,0.0,-20.0,-20.0,345.322,-7.47
4.6297,125,0,0.04,728,12.72,0.09,29,10,0.0,0.0,-20.0,-20.0,345.41,-7.29
4.73,125,0,0.04,728,12.72,0.09,29,10,0.0,0.0,-20.0,-20.0,345.322,-7.47
4.8304,182,0,0.04,728,12.72,0.09,29,10,0.0,0.0,-20.0,-20.0,345.322,-7.47
4.9306,182,0,0.04,728,12.72,0.09,29,10,0.0,0.0,-20.0,-20.0,345.322,-7.47
5.0309,182,0,0.04,728,12.72,0.09,29,10,0.0,0.0,-20.0,-20.0,345.41,-7.29
5.1312,182,0,0.04,728,12.72,0.09,29,10,0.0,0.0,-20.0,-20.0,345.41,-7.29
5.2314,182,0,0.04,728,12.72,0.09,29,10,0.0,0.0,-20.0,-20.0,345.322,-7.47
5.3317,182,0,0.04,728,12.72,0.09,29,10,0.0,0.0,-20.0,-20.0,345.322,-7.47
5.4321,182,0,-0.02,1114,12.72,0.19,29,10,0.0,0.0,-20.0,-20.0,345.322,-7.47
5.5324,182,0,-0.02,1114,12.72,0.19,29,10,0.0,0.0,-20.0,-20.0,345.322,-7.47
5.6327,182,0,-0.02,1114,12.72,0.19,29,10,0.0,0.0,-20.0,-20.0,345.322,-7.47
5.733,182,0,-0.02,1114,12.72,0.19,29,10,0.0,0.0,-20.0,-20.0,345.322,-7.47
5.8333,182,0,-0.02,1114,12.72,0.19,29,10,0.0,0.0,-20.0,-20.0,345.322,-7.47
5.9349,245,0,-0.02,1114,12.72,0.19,29,10,0.0,0.0,-20.0,-20.0,345.322,-7.47
6.0352,245,0,-0.02,1114,12.72,0.19,29,10,0.0,0.0,-20.0,-20.0,345.322,-7.47
6.1355,245,0,-0.02,1114,12.72,0.19,29,10,0.0,0.0,-20.0,-20.0,345.322,-7.47
6.2358,245,0,-0.02,1114,12.72,0.19,29,10,0.0,0.0,-20.0,-20.0,345.322,-7.47
6.3361,245,0,-0.02,1114,12.72,0.19,29,10,0.0,0.0,-20.0,-20.0,345.322,-7.47
6.4364,245,0,0.07,1542,12.72,0.28,28,10,0.0,0.0,-20.0,-20.0,345.322,-7.47
6.5367,245,0,0.07,1542,12.72,0.28,28,10,0.0,0.0,-20.0,-20.0,345.322,-7.47
6.637,245,0,0.07,1542,12.72,0.28,28,10,0.0,0.0,-20.0,-20.0,345.41,-7.29
6.7373,245,0,0.07,1542,12.72,0.28,28,10,0.0,0.0,-20.0,-20.0,345.322,-7.47
6.8375,245,0,0.07,1542,12.72,0.28,28,10,0.0,0.0,-20.0,-20.0,345.322,-7.47
6.9379,307,0,0.07,1542,12.72,0.28,28,10,0.0,0.0,-20.0,-20.0,345.322,-7.47
7.0382,307,0,0.07,1542,12.72,0.28,28,10,0.0,0.0,-20.0,-20.0,345.322,-7.47
7.1385,307,0,0.07,1542,12.72,0.28,28,10,0.0,0.0,-20.0,-20.0,345.322,-7.47
7.2388,307,0,0.07,1542,12.72,0.28,28,10,0.0,0.0,-20.0,-20.0,345.322,-7.47
7.3391,307,0,0.07,1542,12.72,0.28,28,10,0.0,0.0,-20.0,-20.0,345.322,-7.47
7.4394,307,0,-0.03,2000,12.71,0.45,29,10,0.0,0.0,-20.0,-20.0,345.322,-7.47
7.5397,307,0,-0.03,2000,12.71,0.45,29,10,0.0,0.0,-20.0,-20.0,345.322,-7.47
7.6399,307,0,-0.03,2000,12.71,0.45,29,10,0.0,0.0,-20.0,-20.0,345.322,-7.47
7.7402,307,0,-0.03,2000,12.71,0.45,29,10,0.0,0.0,-20.0,-20.0,345.322,-7.47
7.8404,307,0,-0.03,2000,12.71,0.45,29,10,0.0,0.0,-20.0,-20.0,345.322,-7.47
7.9407,415,0,-0.03,2000,12.71,0.45,29,10,0.0,0.0,-20.0,-20.0,345.322,-7.47
8.041,415,0,-0.03,2000,12.71,0.45,29,10,0.0,0.0,-20.0,-20.0,345.322,-7.47
8.1412,415,0,-0.03,2000,12.71,0.45,29,10,0.0,0.0,-20.0,-20.0,345.322,-7.47
8.2415,415,0,-0.03,2000,12.71,0.45,29,10,0.0,0.0,-20.0,-20.0,345.41,-7.29
8.3418,415,0,-0.03,2000,12.71,0.45,29,10,0.0,0.0,-20.0,-20.0,345.41,-7.29
8.4427,415,0,-0.02,2700,12.7,0.67,29,10,0.0,0.0,-20.0,-20.0,345.586,-6.95
8.543,415,0,-0.02,2700,12.7,0.67,29,10,0.0,0.0,-20.0,-20.0,345.586,-6.95
8.6433,415,0,-0.02,2700,12.7,0.67,29,10,0.0,0.0,-20.0,-20.0,345.938,-6.26
8.7435,415,0,-0.02,2700,12.7,0.67,29,10,0.0,0.0,-20.0,-20.0,346.377,-5.42
8.8438,415,0,-0.02,2700,12.7,0.67,29,10,0.0,0.0,-20.0,-20.0,346.816,-4.59
8.9441,415,0,-0.02,2700,12.7,0.67,29,10,0.0,0.0,-20.0,-20.0,347.256,-3.78
9.0443,478,0,-0.02,2700,12.7,0.67,29,10,0.0,0.0,-20.0,-20.0,347.695,-2.97
9.1446,478,0,-0.02,2700,12.7,0.67,29,10,0.0,0.0,-20.0,-20.0,348.398,-1.71
9.2449,478,0,-0.02,2700,12.7,0.67,29,10,0.0,0.0,-20.0,-20.0,349.102,-0.47
9.3451,478,0,-0.02,2700,12.7,0.67,29,10,0.0,0.0,-20.0,-20.0,349.102,-0.47
9.4453,478,0,-0.02,3142,12.7,0.77,29,11,0.0,0.0,-20.0,-20.0,349.189,-0.31
9.5456,478,0,-0.02,3142,12.7,0.77,29,11,0.0,0.0,-20.0,-20.0,349.277,-0.16
9.6459,478,0,-0.02,3142,12.7,0.77,29,11,0.0,0.0,-20.0,-20.0,349.277,-0.16
9.7462,478,0,-0.02,3142,12.7,0.77,29,11,0.0,0.0,-20.0,-20.0,349.277,-0.16
9.8464,478,0,-0.02,3142,12.7,0.77,29,11,0.0,0.0,-20.0,-20.0,349.365,0.0
9.9467,478,0,-0.02,3142,12.7,0.77,29,11,0.0,0.0,-20.0,-20.0,349.365,0.0
10.047,478,0,-0.02,3142,12.7,0.77,29,11,0.0,0.0,-20.0,-20.0,349.365,0.0
10.1472,478,0,-0.02,3142,12.7,0.77,29,11,0.0,0.0,-20.0,-20.0,349.365,0.0
10.2475,478,0,-0.02,3142,12.7,0.77,29,11,0.0,0.0,-20.0,-20.0,349.365,0.0
10.3478,478,0,-0.02,3142,12.7,0.77,29,11,0.0,0.0,-20.0,-20.0,349.365,0.0
10.4481,478,0,0.06,3185,12.71,0.57,29,11,0.0,0.0,-20.0,-20.0,349.365,0.0
10.5485,478,0,0.06,3185,12.71,0.57,29,11,0.0,0.0,-20.0,-20.0,349.365,0.0
10.6487,478,0,0.06,3185,12.71,0.57,29,11,0.0,0.0,-20.0,-20.0,349.365,0.0
10.749,478,0,0.06,3185,12.71,0.57,29,11,0.0,0.0,-20.0,-20.0,349.365,0.0
10.8493,478,0,0.06,3185,12.71,0.57,29,11,0.0,0.0,-20.0,-20.0,349.365,0.0
10.9507,478,0,0.06,3185,12.71,0.57,29,11,0.0,0.0,-20.0,-20.0,349.365,0.0
11.0509,478,0,0.06,3185,12.71,0.57,29,11,0.0,0.0,-20.0,-20.0,349.365,0.0
11.1512,478,0,0.06,3185,12.71,0.57,29,11,0.0,0.0,-20.0,-20.0,349.365,0.0
11.2515,478,0,0.06,3185,12.71,0.57,29,11,0.0,0.0,-20.0,-20.0,349.365,0.0
11.3518,478,0,0.06,3185,12.71,0.57,29,11,0.0,0.0,-20.0,-20.0,349.365,0.0
11.4521,478,0,0.26,3171,12.72,0.57,28,11,0.0,0.0,-20.0,-20.0,349.365,0.0
11.5524,478,0,0.26,3171,12.72,0.57,28,11,0.0,0.0,-20.0,-20.0,349.365,0.0
11.6527,478,0,0.26,3171,12.72,0.57,28,11,0.0,0.0,-20.0,-20.0,349.365,0.0
11.753,478,0,0.26,3171,12.72,0.57,28,11,0.0,0.0,-20.0,-20.0,349.365,0.0
11.8532,478,0,0.26,3171,12.72,0.57,28,11,0.0,0.0,-20.0,-20.0,349.365,0.0
11.9535,478,0,0.26,3171,12.72,0.57,28,11,0.0,0.0,-20.0,-20.0,349.365,0.0
12.0538,478,0,0.26,3171,12.72,0.57,28,11,0.0,0.0,-20.0,-20.0,349.365,0.0
12.1541,478,0,0.26,3171,12.72,0.57,28,11,0.0,0.0,-20.0,-20.0,349.365,0.0
12.2544,478,0,0.26,3171,12.72,0.57,28,11,0.0,0.0,-20.0,-20.0,349.365,0.0
12.3546,478,0,0.26,3171,12.72,0.57,28,11,0.0,0.0,-20.0,-20.0,349.365,0.0
12.4549,478,0,0.09,3171,12.71,0.57,29,11,0.0,0.0,-20.0,-20.0,349.365,0.0
12.5552,478,0,0.09,3171,12.71,0.57,29,11,0.0,0.0,-20.0,-20.0,349.365,0.0
12.6555,478,0,0.09,3171,12.71,0.57,29,11,0.0,0.0,-20.0,-20.0,349.365,0.0
12.7558,478,0,0.09,3171,12.71,0.57,29,11,0.0,0.0,-20.0,-20.0,349.365,0.0
12.8561,478,0,0.09,3171,12.71,0.57,29,11,0.0,0.0,-20.0,-20.0,349.365,0.0
12.9564,478,0,0.09,3171,12.71,0.57,29,11,0.0,0.0,-20.0,-20.0,349.365,0.0
13.0566,478,0,0.09,3171,12.71,0.57,29,11,0.0,0.0,-20.0,-20.0,349.365,0.0
13.1569,478,0,0.09,3171,12.71,0.57,29,11,0.0,0.0,-20.0,-20.0,349.365,0.0
13.2572,478,0,0.09,3171,12.71,0.57,29,11,0.0,0.0,-20.0,-20.0,349.365,0.0
13.3575,478,0,0.09,3171,12.71,0.57,29,11,0.0,0.0,-20.0,-20.0,349.365,0.0
13.4577,478,0,0.03,3171,12.71,0.57,29,11,0.0,0.0,-20.0,-20.0,349.365,0.0
13.558,478,0,0.03,3171,12.71,0.57,29,11,0.0,0.0,-20.0,-20.0,349.365,0.0
13.6583,478,0,0.03,3171,12.71,0.57,29,11,0.0,0.0,-20.0,-20.0,349.365,0.0
13.7585,478,0,0.03,3171,12.71,0.57,29,11,0.0,0.0,-20.0,-20.0,349.365,0.0
13.8588,478,0,0.03,3171,12.71,0.57,29,11,0.0,0.0,-20.0,-20.0,349.365,0.0
13.959,478,0,0.03,3171,12.71,0.57,29,11,0.0,0.0,-20.0,-20.0,349.365,0.0
14.0593,478,0,0.03,3171,12.71,0.57,29,11,0.0,0.0,-20.0,-20.0,349.365,0.0
14.1595,478,0,0.03,3171,12.71,0.57,29,11,0.0,0.0,-20.0,-20.0,349.365,0.0
14.2598,478,0,0.03,3171,12.71,0.57,29,11,0.0,0.0,-20.0,-20.0,349.365,0.0
14.36,478,0,0.03,3171,12.71,0.57,29,11,0.0,0.0,-20.0,-20.0,349.365,0.0
14.4603,478,0,0.13,3171,12.71,0.61,29,11,0.0,0.0,-20.0,-20.0,349.365,0.0
14.5605,478,0,0.13,3171,12.71,0.61,29,11,0.0,0.0,-20.0,-20.0,349.365,0.0
14.6608,478,0,0.13,3171,12.71,0.61,29,11,0.0,0.0,-20.0,-20.0,349.365,0.0
14.7611,478,0,0.13,3171,12.71,0.61,29,11,0.0,0.0,-20.0,-20.0,349.365,0.0
14.8613,478,0,0.13,3171,12.71,0.61,29,11,0.0,0.0,-20.0,-20.0,349.365,0.0
14.9616,478,0,0.13,3171,12.71,0.61,29,11,0.0,0.0,-20.0,-20.0,349.365,0.0
15.0618,478,0,0.13,3171,12.71,0.61,29,11,0.0,0.0,-20.0,-20.0,349.365,0.0
15.1621,478,0,0.13,3171,12.71,0.61,29,11,0.0,0.0,-20.0,-20.0,349.365,0.0
15.2623,478,0,0.13,3171,12.71,0.61,29,11,0.0,0.0,-20.0,-20.0,349.365,0.0
15.3626,478,0,0.13,3171,12.71,0.61,29,11,0.0,0.0,-20.0,-20.0,349.365,0.0
15.4629,478,0,0.13,3171,12.7,0.57,30,12,0.0,0.0,-20.0,-20.0,349.365,0.0
15.5632,478,0,0.13,3171,12.7,0.57,30,12,0.0,0.0,-20.0,-20.0,349.365,0.0
15.6634,478,0,0.13,3171,12.7,0.57,30,12,0.0,0.0,-20.0,-20.0,349.365,0.0
15.7637,478,0,0.13,3171,12.7,0.57,30,12,0.0,0.0,-20.0,-20.0,349.365,0.0
15.864,478,0,0.13,3171,12.7,0.57,30,12,0.0,0.0,-20.0,-20.0,349.365,0.0
15.9665,478,0,0.13,3171,12.7,0.57,30,12,0.0,0.0,-20.0,-20.0,349.365,0.0
16.0668,478,0,0.13,3171,12.7,0.57,30,12,0.0,0.0,-20.0,-20.0,349.365,0.0
16.1671,478,0,0.13,3171,12.7,0.57,30,12,0.0,0.0,-20.0,-20.0,349.365,0.0
16.2673,478,0,0.13,3171,12.7,0.57,30,12,0.0,0.0,-20.0,-20.0,349.365,0.0
16.3676,478,0,0.13,3171,12.7,0.57,30,12,0.0,0.0,-20.0,-20.0,349.365,0.0
16.4679,478,0,0.01,3171,12.72,0.57,30,12,0.0,0.0,-20.0,-20.0,349.365,0.0
16.5682,478,0,0.01,3171,12.72,0.57,30,12,0.0,0.0,-20.0,-20.0,349.365,0.0
16.6685,478,0,0.01,3171,12.72,0.57,30,12,0.0,0.0,-20.0,-20.0,349.365,0.0
16.7688,478,0,0.01,3171,12.72,0.57,30,12,0.0,0.0,-20.0,-20.0,349.365,0.0
16.869,478,0,0.01,3171,12.72,0.57,30,12,0.0,0.0,-20.0,-20.0,349.365,0.0
16.9693,478,0,0.01,3171,12.72,0.57,30,12,0.0,0.0,-20.0,-20.0,349.365,0.0
17.0696,478,0,0.01,3171,12.72,0.57,30,12,0.0,0.0,-20.0,-20.0,349.365,0.0
17.1699,478,0,0.01,3171,12.72,0.57,30,12,0.0,0.0,-20.0,-20.0,349.365,0.0
17.2701,478,0,0.01,3171,12.72,0.57,30,12,0.0,0.0,-20.0,-20.0,349.365,0.0
17.3704,478,0,0.01,3171,12.72,0.57,30,12,0.0,0.0,-20.0,-20.0,349.365,0.0
17.4708,478,0,0.01,3171,12.7,0.57,30,12,0.0,0.0,-20.0,-20.0,349.365,0.0
17.5711,478,0,0.01,3171,12.7,0.57,30,12,0.0,0.0,-20.0,-20.0,349.365,0.0
17.6713,478,0,0.01,3171,12.7,0.57,30,12,0.0,0.0,-20.0,-20.0,349.365,0.0
17.7716,478,0,0.01,3171,12.7,0.57,30,12,0.0,0.0,-20.0,-20.0,349.365,0.0
17.872,478,0,0.01,3171,12.7,0.57,30,12,0.0,0.0,-20.0,-20.0,349.453,0.15
17.9722,478,0,0.01,3171,12.7,0.57,30,12,0.0,0.0,-20.0,-20.0,349.453,0.15
18.0725,478,0,0.01,3171,12.7,0.57,30,12,0.0,0.0,-20.0,-20.0,349.453,0.15
18.1727,478,0,0.01,3171,12.7,0.57,30,12,0.0,0.0,-20.0,-20.0,349.453,0.15
18.273,478,0,0.01,3171,12.7,0.57,30,12,0.0,0.0,-20.0,-20.0,349.453,0.15
18.3733,478,0,0.01,3171,12.7,0.57,30,12,0.0,0.0,-20.0,-20.0,349.453,0.15
18.4736,478,0,-0.03,3171,12.7,0.57,29,12,0.0,0.0,-20.0,-20.0,349.453,0.15
18.5739,478,0,-0.03,3171,12.7,0.57,29,12,0.0,0.0,-20.0,-20.0,349.453,0.15
18.6742,478,0,-0.03,3171,12.7,0.57,29,12,0.0,0.0,-20.0,-20.0,349.453,0.15
18.7745,478,0,-0.03,3171,12.7,0.57,29,12,0.0,0.0,-20.0,-20.0,349.453,0.15
18.8748,478,0,-0.03,3171,12.7,0.57,29,12,0.0,0.0,-20.0,-20.0,349.453,0.15
18.9751,478,0,-0.03,3171,12.7,0.57,29,12,0.0,0.0,-20.0,-20.0,349.453,0.15
19.0754,478,0,-0.03,3171,12.7,0.57,29,12,0.0,0.0,-20.0,-20.0,349.453,0.15
19.1756,478,0,-0.03,3171,12.7,0.57,29,12,0.0,0.0,-20.0,-20.0,349.453,0.15
19.2758,478,0,-0.03,3171,12.7,0.57,29,12,0.0,0.0,-20.0,-20.0,349.453,0.15
19.3761,478,0,-0.03,3171,12.7,0.57,29,12,0.0,0.0,-20.0,-20.0,349.453,0.15
19.4764,478,0,0.05,3171,12.71,0.57,30,12,0.0,0.0,-20.0,-20.0,349.453,0.15
19.5767,478,0,0.05,3171,12.71,0.57,30,12,0.0,0.0,-20.0,-20.0,349.453,0.15
19.677,478,0,0.05,3171,12.71,0.57,30,12,0.0,0.0,-20.0,-20.0,349.453,0.15
19.7773,478,0,0.05,3171,12.71,0.57,30,12,0.0,0.0,-20.0,-20.0,349.453,0.15
19.8776,478,0,0.05,3171,12.71,0.57,30,12,0.0,0.0,-20.0,-20.0,349.453,0.15
19.9778,478,0,0.05,3171,12.71,0.57,30,12,0.0,0.0,-20.0,-20.0,349.453,0.15
20.0781,478,0,0.05,3171,12.71,0.57,30,12,0.0,0.0,-20.0,-20.0,349.453,0.15
20.1783,478,0,0.05,3171,12.71,0.57,30,12,0.0,0.0,-20.0,-20.0,349.453,0.15
20.2786,478,0,0.05,3171,12.71,0.57,30,12,0.0,0.0,-20.0,-20.0,349.453,0.15
20.3789,478,0,0.05,3171,12.71,0.57,30,12,0.0,0.0,-20.0,-20.0,349.453,0.15
20.4792,478,0,-0.08,3171,12.7,0.57,29,12,0.0,0.0,-20.0,-20.0,349.453,0.15
20.5795,478,0,-0.08,3171,12.7,0.57,29,12,0.0,0.0,-20.0,-20.0,349.453,0.15
20.6798,478,0,-0.08,3171,12.7,0.57,29,12,0.0,0.0,-20.0,-20.0,349.453,0.15
20.78,478,0,-0.08,3171,12.7,0.57,29,12,0.0,0.0,-20.0,-20.0,349.453,0.15
20.8803,478,0,-0.08,3171,12.7,0.57,29,12,0.0,0.0,-20.0,-20.0,349.453,0.15
20.9824,478,0,-0.08,3171,12.7,0.57,29,12,0.0,0.0,-20.0,-20.0,349.453,0.15
21.0827,478,0,-0.08,3171,12.7,0.57,29,12,0.0,0.0,-20.0,-20.0,349.453,0.15
21.1829,478,0,-0.08,3171,12.7,0.57,29,12,0.0,0.0,-20.0,-20.0,349.541,0.3
21.2833,478,0,-0.08,3171,12.7,0.57,29,12,0.0,0.0,-20.0,-20.0,349.541,0.3
21.3835,478,0,-0.08,3171,12.7,0.57,29,12,0.0,0.0,-20.0,-20.0,349.541,0.3
21.4843,478,0,0.3,3171,12.7,0.57,30,12,0.0,0.0,-20.0,-20.0,349.541,0.3
21.5846,478,0,0.3,3171,12.7,0.57,30,12,0.0,0.0,-20.0,-20.0,349.629,0.45
21.6849,478,0,0.3,3171,12.7,0.57,30,12,0.0,0.0,-20.0,-20.0,349.629,0.45
21.7852,478,0,0.3,3171,12.7,0.57,30,12,0.0,0.0,-20.0,-20.0,349.717,0.61
21.8854,478,0,0.3,3171,12.7,0.57,30,12,0.0,0.0,-20.0,-20.0,349.717,0.61
21.9857,478,0,0.3,3171,12.7,0.57,30,12,0.0,0.0,-20.0,-20.0,349.717,0.61
22.086,478,0,0.3,3171,12.7,0.57,30,12,0.0,0.0,-20.0,-20.0,349.717,0.61
22.1863,478,0,0.3,3171,12.7,0.57,30,12,0.0,0.0,-20.0,-20.0,349.805,0.76
22.2865,478,0,0.3,3171,12.7,0.57,30,12,0.0,0.0,-20.0,-20.0,349.805,0.76
22.3868,478,0,0.3,3171,12.7,0.57,30,12,0.0,0.0,-20.0,-20.0,349.805,0.76
22.4872,478,0,-0.0,3171,12.7,0.57,29,13,0.0,0.0,-20.0,-20.0,349.805,0.76
22.5875,478,0,-0.0,3171,12.7,0.57,29,13,0.0,0.0,-20.0,-20.0,349.805,0.76
22.6878,478,0,-0.0,3171,12.7,0.57,29,13,0.0,0.0,-20.0,-20.0,349.805,0.76
22.7881,478,0,-0.0,3171,12.7,0.57,29,13,0.0,0.0,-20.0,-20.0,349.805,0.76
22.8883,478,0,-0.0,3171,12.7,0.57,29,13,0.0,0.0,-20.0,-20.0,349.805,0.76
22.9886,478,0,-0.0,3171,12.7,0.57,29,13,0.0,0.0,-20.0,-20.0,349.805,0.76
23.0889,478,0,-0.0,3171,12.7,0.57,29,13,0.0,0.0,-20.0,-20.0,349.805,0.76
23.1892,478,0,-0.0,3171,12.7,0.57,29,13,0.0,0.0,-20.0,-20.0,349.805,0.76
23.2894,478,0,-0.0,3171,12.7,0.57,29,13,0.0,0.0,-20.0,-20.0,349.805,0.76
23.3897,478,0,-0.0,3171,12.7,0.57,29,13,0.0,0.0,-20.0,-20.0,349.805,0.76
23.4906,478,0,-0.12,3171,12.7,0.57,29,13,0.0,0.0,-20.0,-20.0,349.805,0.76
23.591,478,0,-0.12,3171,12.7,0.57,29,13,0.0,0.0,-20.0,-20.0,349.805,0.76
23.6912,478,0,-0.12,3171,12.7,0.57,29,13,0.0,0.0,-20.0,-20.0,349.805,0.76
23.7915,478,0,-0.12,3171,12.7,0.57,29,13,0.0,0.0,-20.0,-20.0,349.805,0.76
23.8918,478,0,-0.12,3171,12.7,0.57,29,13,0.0,0.0,-20.0,-20.0,349.805,0.76
23.9921,478,0,-0.12,3171,12.7,0.57,29,13,0.0,0.0,-20.0,-20.0,349.805,0.76
24.0923,478,0,-0.12,3171,12.7,0.57,29,13,0.0,0.0,-20.0,-20.0,349.805,0.76
24.1926,478,0,-0.12,3171,12.7,0.57,29,13,0.0,0.0,-20.0,-20.0,349.805,0.76
24.2929,478,0,-0.12,3171,12.7,0.57,29,13,0.0,0.0,-20.0,-20.0,349.805,0.76
24.3931,478,0,0.14,3171,12.7,0.57,29,13,0.0,0.0,-20.0,-20.0,349.805,0.76
24.4935,478,0,0.14,3157,12.7,0.57,29,13,0.0,0.0,-20.0,-20.0,349.805,0.76
24.5938,478,0,0.14,3157,12.7,0.57,29,13,0.0,0.0,-20.0,-20.0,349.805,0.76
24.6941,478,0,0.14,3157,12.7,0.57,29,13,0.0,0.0,-20.0,-20.0,349.805,0.76
24.7944,478,0,0.14,3157,12.7,0.57,29,13,0.0,0.0,-20.0,-20.0,349.805,0.76
24.8946,478,0,0.14,3157,12.7,0.57,29,13,0.0,0.0,-20.0,-20.0,349.805,0.76
24.9949,478,0,0.14,3157,12.7,0.57,29,13,0.0,0.0,-20.0,-20.0,349.805,0.76
25.0952,478,0,0.14,3157,12.7,0.57,29,13,0.0,0.0,-20.0,-20.0,349.805,0.76
25.1954,478,0,0.14,3157,12.7,0.57,29,13,0.0,0.0,-20.0,-20.0,349.805,0.76
25.2957,478,0,0.14,3157,12.7,0.57,29,13,0.0,0.0,-20.0,-20.0,349.805,0.76
25.396,478,0,0.13,3157,12.7,0.57,29,13,0.0,0.0,-20.0,-20.0,349.805,0.76
25.4964,478,0,0.13,3171,12.71,0.57,30,13,0.0,0.0,-20.0,-20.0,349.805,0.76
25.5967,478,0,0.13,3171,12.71,0.57,30,13,0.0,0.0,-20.0,-20.0,349.805,0.76
25.697,478,0,0.13,3171,12.71,0.57,30,13,0.0,0.0,-20.0,-20.0,349.805,0.76
25.7972,478,0,0.13,3171,12.71,0.57,30,13,0.0,0.0,-20.0,-20.0,349.805,0.76
25.8976,478,0,0.13,3171,12.71,0.57,30,13,0.0,0.0,-20.0,-20.0,349.805,0.76
25.9979,478,0,0.13,3171,12.71,0.57,30,13,0.0,0.0,-20.0,-20.0,349.805,0.76
26.0981,478,0,0.13,3171,12.71,0.57,30,13,0.0,0.0,-20.0,-20.0,349.805,0.76
26.1984,478,0,0.13,3171,12.71,0.57,30,13,0.0,0.0,-20.0,-20.0,349.805,0.76
26.2987,478,0,0.13,3171,12.71,0.57,30,13,0.0,0.0,-20.0,-20.0,349.805,0.76
26.399,478,0,0.08,3171,12.71,0.57,30,13,0.0,0.0,-20.0,-20.0,349.805,0.76
26.4994,478,0,0.08,3171,12.71,0.57,29,13,0.0,0.0,-20.0,-20.0,349.805,0.76
26.5997,478,0,0.08,3171,12.71,0.57,29,13,0.0,0.0,-20.0,-20.0,349.805,0.76
26.6999,478,0,0.08,3171,12.71,0.57,29,13,0.0,0.0,-20.0,-20.0,349.805,0.76
26.8002,478,0,0.08,3171,12.71,0.57,29,13,0.0,0.0,-20.0,-20.0,349.805,0.76
26.9005,478,0,0.08,3171,12.71,0.57,29,13,0.0,0.0,-20.0,-20.0,349.805,0.76
27.0008,478,0,0.08,3171,12.71,0.57,29,13,0.0,0.0,-20.0,-20.0,349.805,0.76
27.1011,478,0,0.08,3171,12.71,0.57,29,13,0.0,0.0,-20.0,-20.0,349.805,0.76
27.2014,478,0,0.08,3171,12.71,0.57,29,13,0.0,0.0,-20.0,-20.0,349.805,0.76
27.3017,478,0,0.08,3171,12.71,0.57,29,13,0.0,0.0,-20.0,-20.0,349.805,0.76
27.402,478,0,0.11,3171,12.71,0.57,29,13,0.0,0.0,-20.0,-20.0,349.805,0.76
27.5023,478,0,0.11,3171,12.72,0.57,29,13,0.0,0.0,-20.0,-20.0,349.805,0.76
27.6026,478,0,0.11,3171,12.72,0.57,29,13,0.0,0.0,-20.0,-20.0,349.805,0.76
27.7029,478,0,0.11,3171,12.72,0.57,29,13,0.0,0.0,-20.0,-20.0,349.805,0.76
27.8031,478,0,0.11,3171,12.72,0.57,29,13,0.0,0.0,-20.0,-20.0,349.805,0.76
27.9034,478,0,0.11,3171,12.72,0.57,29,13,0.0,0.0,-20.0,-20.0,349.805,0.76
28.0037,478,0,0.11,3171,12.72,0.57,29,13,0.0,0.0,-20.0,-20.0,349.805,0.76
28.104,478,0,0.11,3171,12.72,0.57,29,13,0.0,0.0,-20.0,-20.0,349.805,0.76
28.2042,478,0,0.11,3171,12.72,0.57,29,13,0.0,0.0,-20.0,-20.0,349.805,0.76
28.3045,478,0,0.11,3171,12.72,0.57,29,13,0.0,0.0,-20.0,-20.0,349.805,0.76
28.4048,478,0,0.08,3171,12.72,0.57,29,13,0.0,0.0,-20.0,-20.0,349.805,0.76
28.5059,478,0,0.08,3171,12.71,0.57,30,13,0.0,0.0,-20.0,-20.0,349.805,0.76
28.6061,478,0,0.08,3171,12.71,0.57,30,13,0.0,0.0,-20.0,-20.0,349.805,0.76
28.7063,478,0,0.08,3171,12.71,0.57,30,13,0.0,0.0,-20.0,-20.0,349.805,0.76
28.8066,478,0,0.08,3171,12.71,0.57,30,13,0.0,0.0,-20.0,-20.0,349.805,0.76
28.9069,580,0,0.08,3171,12.71,0.57,30,13,0.0,0.0,-20.0,-20.0,349.805,0.76
29.0071,580,0,0.08,3171,12.71,0.57,30,13,0.0,0.0,-20.0,-20.0,349.805,0.76
29.1074,580,0,0.08,3171,12.71,0.57,30,13,0.0,0.0,-20.0,-20.0,349.805,0.76
29.2077,580,0,0.08,3171,12.71,0.57,30,13,0.0,0.0,-20.0,-20.0,349.805,0.76
29.308,580,0,0.08,3171,12.71,0.57,30,13,0.0,0.0,-20.0,-20.0,349.98,1.06
29.4082,580,0,0.08,3171,12.71,0.57,30,13,0.0,0.0,-20.0,-20.0,349.98,1.06
29.5085,580,0,0.08,3842,12.7,1.09,30,14,0.0,0.0,-20.0,-20.0,350.068,1.21
29.6088,580,0,0.08,3842,12.7,1.09,30,14,0.0,0.0,-20.0,-20.0,349.893,0.91
29.709,580,0,0.08,3842,12.7,1.09,30,14,0.0,0.0,-20.0,-20.0,349.98,1.06
29.8093,580,0,0.08,3842,12.7,1.09,30,14,0.0,0.0,-20.0,-20.0,350.244,1.51
29.9096,580,0,0.08,3842,12.7,1.09,30,14,0.0,0.0,-20.0,-20.0,349.98,1.06
30.0098,580,0,0.08,3842,12.7,1.09,30,14,0.0,0.0,-20.0,-20.0,350.244,1.51
30.1101,580,0,0.08,3842,12.7,1.09,30,14,0.0,0.0,-20.0,-20.0,350.508,1.96
30.2103,580,0,0.08,3842,12.7,1.09,30,14,0.0,0.0,-20.0,-20.0,350.508,1.96
30.3106,580,0,0.08,3842,12.7,1.09,30,14,0.0,0.0,-20.0,-20.0,350.244,1.51
30.4108,580,0,0.07,3842,12.7,1.09,30,14,0.0,0.0,-20.0,-20.0,350.332,1.66
30.5111,580,0,0.07,3842,12.71,0.93,30,14,0.0,0.0,-20.0,-20.0,350.684,2.26
30.6114,580,0,0.07,3842,12.71,0.93,30,14,0.0,0.0,-20.0,-20.0,350.244,1.51
30.7116,580,0,0.07,3842,12.71,0.93,30,14,0.0,0.0,-20.0,-20.0,350.332,1.66
30.8119,580,0,0.07,3842,12.71,0.93,30,14,0.0,0.0,-20.0,-20.0,350.684,2.26
30.9122,580,0,0.07,3842,12.71,0.93,30,14,0.0,0.0,-20.0,-20.0,350.508,1.96
31.0142,580,0,0.07,3842,12.71,0.93,30,14,0.0,0.0,-20.0,-20.0,350.596,2.11
31.1144,580,0,0.07,3842,12.71,0.93,30,14,0.0,0.0,-20.0,-20.0,350.596,2.11
31.2147,580,0,0.07,3842,12.71,0.93,30,14,0.0,0.0,-20.0,-20.0,351.299,3.3
31.315,580,0,0.07,3842,12.71,0.93,30,14,0.0,0.0,-20.0,-20.0,351.123,3.0
31.4153,580,0,0.22,3842,12.71,0.93,30,14,0.0,0.0,-20.0,-20.0,350.859,2.56
31.5156,580,0,0.22,3842,12.7,0.96,29,14,0.0,0.0,-20.0,-20.0,351.299,3.3
31.616,580,0,0.22,3842,12.7,0.96,29,14,0.0,0.0,-20.0,-20.0,351.387,3.44
31.7163,580,0,0.22,3842,12.7,0.96,29,14,0.0,0.0,-20.0,-20.0,350.947,2.7
31.8166,580,0,0.22,3842,12.7,0.96,29,14,0.0,0.0,-20.0,-20.0,351.211,3.15
31.9168,580,0,0.22,3842,12.7,0.96,29,14,0.0,0.0,-20.0,-20.0,351.211,3.15
32.0171,580,0,0.22,3842,12.7,0.96,29,14,0.0,0.0,-20.0,-20.0,351.65,3.88
32.1174,580,0,0.22,3842,12.7,0.96,29,14,0.0,0.0,-20.0,-20.0,351.211,3.15
32.2177,580,0,0.22,3842,12.7,0.96,29,14,0.0,0.0,-20.0,-20.0,351.211,3.15
32.318,580,0,0.22,3842,12.7,0.96,29,14,0.0,0.0,-20.0,-20.0,351.738,4.03
32.4183,580,0,0.16,3828,12.7,0.86,30,14,0.0,0.0,-20.0,-20.0,351.387,3.44
32.5186,580,0,0.16,3828,12.7,0.86,30,14,0.0,0.0,-20.0,-20.0,350.947,2.7
32.6189,580,0,0.16,3828,12.7,0.86,30,14,0.0,0.0,-20.0,-20.0,351.387,3.44
32.7191,580,0,0.16,3828,12.7,0.86,30,14,0.0,0.0,-20.0,-20.0,351.387,3.44
32.8194,580,0,0.16,3828,12.7,0.86,30,14,0.0,0.0,-20.0,-20.0,351.914,4.32
32.9197,580,0,0.16,3828,12.7,0.86,30,14,0.0,0.0,-20.0,-20.0,351.65,3.88
33.0199,580,0,0.16,3828,12.7,0.86,30,14,0.0,0.0,-20.0,-20.0,351.123,3.0
33.1202,580,0,0.16,3828,12.7,0.86,30,14,0.0,0.0,-20.0,-20.0,351.65,3.88
33.2205,580,0,0.16,3828,12.7,0.86,30,14,0.0,0.0,-20.0,-20.0,352.09,4.61
33.3208,580,0,0.16,3828,12.7,0.86,30,14,0.0,0.0,-20.0,-20.0,351.738,4.03
33.4211,580,0,0.16,3814,12.71,0.93,30,15,0.0,0.0,-20.0,-20.0,351.387,3.44
33.5214,580,0,0.16,3814,12.71,0.93,30,15,0.0,0.0,-20.0,-20.0,351.387,3.44
33.6217,580,0,0.16,3814,12.71,0.93,30,15,0.0,0.0,-20.0,-20.0,351.738,4.03
33.722,580,0,0.16,3814,12.71,0.93,30,15,0.0,0.0,-20.0,-20.0,352.266,4.9
33.8223,580,0,0.16,3814,12.71,0.93,30,15,0.0,0.0,-20.0,-20.0,352.002,4.47
33.9225,580,0,0.16,3814,12.71,0.93,30,15,0.0,0.0,-20.0,-20.0,352.002,4.47
34.0229,580,0,0.16,3814,12.71,0.93,30,15,0.0,0.0,-20.0,-20.0,351.738,4.03
34.1232,580,0,0.16,3814,12.71,0.93,30,15,0.0,0.0,-20.0,-20.0,352.266,4.9
34.2234,580,0,0.16,3814,12.71,0.93,30,15,0.0,0.0,-20.0,-20.0,352.705,5.63
34.3237,580,0,0.16,3814,12.71,0.93,30,15,0.0,0.0,-20.0,-20.0,352.441,5.19
34.4239,580,0,0.13,3828,12.7,0.93,30,15,0.0,0.0,-20.0,-20.0,352.441,5.19
34.5243,580,0,0.13,3828,12.7,0.93,30,15,0.0,0.0,-20.0,-20.0,351.65,3.88
34.6246,580,0,0.13,3828,12.7,0.93,30,15,0.0,0.0,-20.0,-20.0,352.178,4.76
34.7248,580,0,0.13,3828,12.7,0.93,30,15,0.0,0.0,-20.0,-20.0,352.617,5.48
34.8251,580,0,0.13,3828,12.7,0.93,30,15,0.0,0.0,-20.0,-20.0,352.178,4.76
34.9254,580,0,0.13,3828,12.7,0.93,30,15,0.0,0.0,-20.0,-20.0,352.002,4.47
35.0257,580,0,0.13,3828,12.7,0.93,30,15,0.0,0.0,-20.0,-20.0,351.914,4.32
35.1259,580,0,0.13,3828,12.7,0.93,30,15,0.0,0.0,-20.0,-20.0,352.441,5.19
35.2263,580,0,0.13,3828,12.7,0.93,30,15,0.0,0.0,-20.0,-20.0,352.441,5.19
35.3266,580,0,0.13,3828,12.7,0.93,30,15,0.0,0.0,-20.0,-20.0,352.793,5.77
35.427,580,0,0.28,3814,12.69,1.09,30,15,0.0,0.0,-20.0,-20.0,352.529,5.34
35.5274,580,0,0.28,3814,12.69,1.09,30,15,0.0,0.0,-20.0,-20.0,351.738,4.03
35.6277,580,0,0.28,3814,12.69,1.09,30,15,0.0,0.0,-20.0,-20.0,352.178,4.76
35.728,580,0,0.28,3814,12.69,1.09,30,15,0.0,0.0,-20.0,-20.0,352.617,5.48
35.8282,580,0,0.28,3814,12.69,1.09,30,15,0.0,0.0,-20.0,-20.0,352.529,5.34
35.9285,580,0,0.28,3814,12.69,1.09,30,15,0.0,0.0,-20.0,-20.0,352.266,4.9
36.0299,580,0,0.28,3814,12.69,1.09,30,15,0.0,0.0,-20.0,-20.0,352.266,4.9
36.1302,580,0,0.28,3814,12.69,1.09,30,15,0.0,0.0,-20.0,-20.0,351.914,4.32
36.2305,580,0,0.28,3814,12.69,1.09,30,15,0.0,0.0,-20.0,-20.0,352.441,5.19
36.3307,580,0,0.28,3814,12.69,1.09,30,15,0.0,0.0,-20.0,-20.0,352.793,5.77
36.431,580,0,0.24,3828,12.7,0.96,30,15,0.0,0.0,-20.0,-20.0,352.529,5.34
36.5313,580,0,0.24,3828,12.7,0.96,30,15,0.0,0.0,-20.0,-20.0,351.738,4.03
36.6316,580,0,0.24,3828,12.7,0.96,30,15,0.0,0.0,-20.0,-20.0,352.09,4.61
36.7318,580,0,0.24,3828,12.7,0.96,30,15,0.0,0.0,-20.0,-20.0,352.617,5.48
36.8321,580,0,0.24,3828,12.7,0.96,30,15,0.0,0.0,-20.0,-20.0,352.705,5.63
36.9324,580,0,0.24,3828,12.7,0.96,30,15,0.0,0.0,-20.0,-20.0,352.705,5.63
37.0326,580,0,0.24,3828,12.7,0.96,30,15,0.0,0.0,-20.0,-20.0,352.441,5.19
37.1329,580,0,0.24,3828,12.7,0.96,30,15,0.0,0.0,-20.0,-20.0,351.914,4.32
37.2332,580,0,0.24,3828,12.7,0.96,30,15,0.0,0.0,-20.0,-20.0,352.354,5.05
37.3335,580,0,0.24,3828,12.7,0.96,30,15,0.0,0.0,-20.0,-20.0,352.705,5.63
37.4338,580,0,0.09,3814,12.7,1.03,29,16,0.0,0.0,-20.0,-20.0,352.441,5.19
37.5341,580,0,0.09,3814,12.7,1.03,29,16,0.0,0.0,-20.0,-20.0,351.738,4.03
37.6344,580,0,0.09,3814,12.7,1.03,29,16,0.0,0.0,-20.0,-20.0,352.09,4.61
37.7347,580,0,0.09,3814,12.7,1.03,29,16,0.0,0.0,-20.0,-20.0,352.09,4.61
37.8349,580,0,0.09,3814,12.7,1.03,29,16,0.0,0.0,-20.0,-20.0,352.617,5.48
37.9352,580,0,0.09,3814,12.7,1.03,29,16,0.0,0.0,-20.0,-20.0,352.705,5.63
38.0354,580,0,0.09,3814,12.7,1.03,29,16,0.0,0.0,-20.0,-20.0,352.529,5.34
38.1358,580,0,0.09,3814,12.7,1.03,29,16,0.0,0.0,-20.0,-20.0,351.914,4.32
38.236,580,0,0.09,3814,12.7,1.03,29,16,0.0,0.0,-20.0,-20.0,352.354,5.05
38.3363,580,0,0.09,3814,12.7,1.03,29,16,0.0,0.0,-20.0,-20.0,352.529,5.34
38.4366,580,0,0.0,3800,12.69,0.99,30,16,0.0,0.0,-20.0,-20.0,352.441,5.19
38.5376,580,0,0.0,3800,12.69,0.99,30,16,0.0,0.0,-20.0,-20.0,351.914,4.32
38.6379,580,0,0.0,3800,12.69,0.99,30,16,0.0,0.0,-20.0,-20.0,351.914,4.32
38.7381,580,0,0.0,3800,12.69,0.99,30,16,0.0,0.0,-20.0,-20.0,352.002,4.47
38.8384,580,0,0.0,3800,12.69,0.99,30,16,0.0,0.0,-20.0,-20.0,352.529,5.34
38.9386,580,0,0.0,3800,12.69,0.99,30,16,0.0,0.0,-20.0,-20.0,352.793,5.77
39.0389,580,0,0.0,3800,12.69,0.99,30,16,0.0,0.0,-20.0,-20.0,352.529,5.34
39.1392,580,0,0.0,3800,12.69,0.99,30,16,0.0,0.0,-20.0,-20.0,351.738,4.03
39.2395,580,0,0.0,3800,12.69,0.99,30,16,0.0,0.0,-20.0,-20.0,352.178,4.76
39.3398,580,0,0.0,3800,12.69,0.99,30,16,0.0,0.0,-20.0,-20.0,352.529,5.34
39.4401,580,0,0.17,3828,12.7,0.99,30,16,0.0,0.0,-20.0,-20.0,352.529,5.34
39.5404,580,0,0.17,3828,12.7,0.99,30,16,0.0,0.0,-20.0,-20.0,352.441,5.19
39.6407,580,0,0.17,3828,12.7,0.99,30,16,0.0,0.0,-20.0,-20.0,352.09,4.61
39.741,580,0,0.17,3828,12.7,0.99,30,16,0.0,0.0,-20.0,-20.0,351.914,4.32
39.8413,580,0,0.17,3828,12.7,0.99,30,16,0.0,0.0,-20.0,-20.0,352.441,5.19
39.9415,580,0,0.17,3828,12.7,0.99,30,16,0.0,0.0,-20.0,-20.0,352.793,5.77
40.0418,580,0,0.17,3828,12.7,0.99,30,16,0.0,0.0,-20.0,-20.0,352.529,5.34
40.1421,580,0,0.17,3828,12.7,0.99,30,16,0.0,0.0,-20.0,-20.0,351.65,3.88
40.2425,700,0,0.17,3828,12.7,0.99,30,16,0.0,0.0,-20.0,-20.0,351.65,3.88
40.3428,700,0,0.17,3828,12.7,0.99,30,16,0.0,0.0,-20.0,-20.0,352.09,4.61
40.4431,700,0,-0.05,4328,12.67,1.8,30,17,0.0,0.0,-20.0,-20.0,352.617,5.48
40.5434,700,0,-0.05,4328,12.67,1.8,30,17,0.0,0.0,-20.0,-20.0,352.354,5.05
40.6437,700,0,-0.05,4328,12.67,1.8,30,17,0.0,0.0,-20.0,-20.0,352.09,4.61
40.744,700,0,-0.05,4328,12.67,1.8,30,17,0.0,0.0,-20.0,-20.0,352.881,5.92
40.8443,700,0,-0.05,4328,12.67,1.8,30,17,0.0,0.0,-20.0,-20.0,352.09,4.61
40.9446,700,0,-0.05,4328,12.67,1.8,30,17,0.0,0.0,-20.0,-20.0,352.617,5.48
41.0455,700,0,-0.05,4328,12.67,1.8,30,17,0.0,0.0,-20.0,-20.0,352.178,4.76
41.1457,700,0,-0.05,4328,12.67,1.8,30,17,0.0,0.0,-20.0,-20.0,352.178,4.76
41.246,700,0,-0.05,4328,12.67,1.8,30,17,0.0,0.0,-20.0,-20.0,352.881,5.92
41.3462,700,0,-0.05,4328,12.67,1.8,30,17,0.0,0.0,-20.0,-20.0,352.09,4.61
41.4465,700,0,0.05,4628,12.69,1.6,30,17,0.0,0.0,-20.0,-20.0,353.057,6.2
41.5468,700,0,0.05,4628,12.69,1.6,30,17,0.0,0.0,-20.0,-20.0,351.914,4.32
41.647,700,0,0.05,4628,12.69,1.6,30,17,0.0,0.0,-20.0,-20.0,352.793,5.77
41.7473,700,0,0.05,4628,12.69,1.6,30,17,0.0,0.0,-20.0,-20.0,352.441,5.19
41.8475,700,0,0.05,4628,12.69,1.6,30,17,0.0,0.0,-20.0,-20.0,352.529,5.34
41.9478,700,0,0.05,4628,12.69,1.6,30,17,0.0,0.0,-20.0,-20.0,352.529,5.34
42.048,700,0,0.05,4628,12.69,1.6,30,17,0.0,0.0,-20.0,-20.0,352.529,5.34
42.1483,700,0,0.05,4628,12.69,1.6,30,17,0.0,0.0,-20.0,-20.0,352.266,4.9
42.2486,700,0,0.05,4628,12.69,1.6,30,17,0.0,0.0,-20.0,-20.0,353.057,6.2
42.3489,700,0,0.05,4628,12.69,1.6,30,17,0.0,0.0,-20.0,-20.0,352.266,4.9
42.4492,700,0,0.15,4600,12.71,1.57,30,17,0.0,0.0,-20.0,-20.0,353.057,6.2
42.5495,700,0,0.15,4600,12.71,1.57,30,17,0.0,0.0,-20.0,-20.0,351.826,4.18
42.6498,700,0,0.15,4600,12.71,1.57,30,17,0.0,0.0,-20.0,-20.0,352.529,5.34
42.75,700,0,0.15,4600,12.71,1.57,30,17,0.0,0.0,-20.0,-20.0,352.529,5.34
42.8503,700,0,0.15,4600,12.71,1.57,30,17,0.0,0.0,-20.0,-20.0,352.617,5.48
42.9506,700,0,0.15,4600,12.71,1.57,30,17,0.0,0.0,-20.0,-20.0,352.354,5.05
43.0508,700,0,0.15,4600,12.71,1.57,30,17,0.0,0.0,-20.0,-20.0,352.705,5.63
43.1511,700,0,0.15,4600,12.71,1.57,30,17,0.0,0.0,-20.0,-20.0,352.09,4.61
43.2514,700,0,0.15,4600,12.71,1.57,30,17,0.0,0.0,-20.0,-20.0,352.705,5.63
43.3517,700,0,0.15,4600,12.71,1.57,30,17,0.0,0.0,-20.0,-20.0,351.123,3.0
43.452,700,0,-0.04,4614,12.7,1.57,30,18,0.0,0.0,-20.0,-20.0,351.299,3.3
43.5534,700,0,-0.04,4614,12.7,1.57,30,18,0.0,0.0,-20.0,-20.0,351.035,2.85
43.6537,700,0,-0.04,4614,12.7,1.57,30,18,0.0,0.0,-20.0,-20.0,351.035,2.85
43.754,700,0,-0.04,4614,12.7,1.57,30,18,0.0,0.0,-20.0,-20.0,352.793,5.77
43.8543,700,0,-0.04,4614,12.7,1.57,30,18,0.0,0.0,-20.0,-20.0,350.244,1.51
43.9546,700,0,-0.04,4614,12.7,1.57,30,18,0.0,0.0,-20.0,-20.0,351.211,3.15
44.0549,700,0,-0.04,4614,12.7,1.57,30,18,0.0,0.0,-20.0,-20.0,351.299,3.3
44.1551,700,0,-0.04,4614,12.7,1.57,30,18,0.0,0.0,-20.0,-20.0,352.178,4.76
44.2554,700,0,-0.04,4614,12.7,1.57,30,18,0.0,0.0,-20.0,-20.0,349.541,0.3
44.3557,700,0,-0.04,4614,12.7,1.57,30,18,0.0,0.0,-20.0,-20.0,350.156,1.36
44.456,700,0,0.02,4671,12.69,1.64,30,18,0.0,0.0,-20.0,-20.0,350.156,1.36
44.5563,700,0,0.02,4671,12.69,1.64,30,18,0.0,0.0,-20.0,-20.0,351.914,4.32
44.6565,700,0,0.02,4671,12.69,1.64,30,18,0.0,0.0,-20.0,-20.0,351.738,4.03
44.7568,700,0,0.02,4671,12.69,1.64,30,18,0.0,0.0,-20.0,-20.0,350.156,1.36
44.8571,700,0,0.02,4671,12.69,1.64,30,18,0.0,0.0,-20.0,-20.0,349.014,-0.62
44.9574,700,0,0.02,4671,12.69,1.64,30,18,0.0,0.0,-20.0,-20.0,351.475,3.59
45.0577,700,0,0.02,4671,12.69,1.64,30,18,0.0,0.0,-20.0,-20.0,351.035,2.85
45.1579,700,0,0.02,4671,12.69,1.64,30,18,0.0,0.0,-20.0,-20.0,351.123,3.0
45.2582,700,0,0.02,4671,12.69,1.64,30,18,0.0,0.0,-20.0,-20.0,351.123,3.0
45.3585,700,0,0.02,4671,12.69,1.64,30,18,0.0,0.0,-20.0,-20.0,348.574,-1.4
45.4587,700,0,0.07,4571,12.7,1.57,30,19,0.0,0.0,-20.0,-20.0,350.771,2.41
45.559,700,0,0.07,4571,12.7,1.57,30,19,0.0,0.0,-20.0,-20.0,350.859,2.56
45.6593,700,0,0.07,4571,12.7,1.57,30,19,0.0,0.0,-20.0,-20.0,350.684,2.26
45.7596,700,0,0.07,4571,12.7,1.57,30,19,0.0,0.0,-20.0,-20.0,348.486,-1.55
45.8598,700,0,0.07,4571,12.7,1.57,30,19,0.0,0.0,-20.0,-20.0,350.947,2.7
45.9601,700,0,0.07,4571,12.7,1.57,30,19,0.0,0.0,-20.0,-20.0,351.65,3.88
46.0605,700,0,0.07,4571,12.7,1.57,30,19,0.0,0.0,-20.0,-20.0,351.65,3.88
46.1607,700,0,0.07,4571,12.7,1.57,30,19,0.0,0.0,-20.0,-20.0,352.002,4.47
46.261,700,0,0.07,4571,12.7,1.57,30,19,0.0,0.0,-20.0,-20.0,350.42,1.81
46.3613,700,0,0.07,4571,12.7,1.57,30,19,0.0,0.0,-20.0,-20.0,349.102,-0.47
46.4616,700,0,-0.04,4642,12.71,1.57,30,19,0.0,0.0,-20.0,-20.0,352.002,4.47
46.5619,700,0,-0.04,4642,12.71,1.57,30,19,0.0,0.0,-20.0,-20.0,351.826,4.18
46.6622,700,0,-0.04,4642,12.71,1.57,30,19,0.0,0.0,-20.0,-20.0,353.232,6.49
46.7625,700,0,-0.04,4642,12.71,1.57,30,19,0.0,0.0,-20.0,-20.0,350.244,1.51
46.8628,700,0,-0.04,4642,12.71,1.57,30,19,0.0,0.0,-20.0,-20.0,349.717,0.61
46.9631,700,0,-0.04,4642,12.71,1.57,30,19,0.0,0.0,-20.0,-20.0,349.717,0.61
47.0634,700,0,-0.04,4642,12.71,1.57,30,19,0.0,0.0,-20.0,-20.0,351.211,3.15
47.1636,700,0,-0.04,4642,12.71,1.57,30,19,0.0,0.0,-20.0,-20.0,352.881,5.92
47.2639,700,0,-0.04,4642,12.71,1.57,30,19,0.0,0.0,-20.0,-20.0,352.969,6.06
47.3642,700,0,-0.04,4642,12.71,1.57,30,19,0.0,0.0,-20.0,-20.0,352.09,4.61
47.4646,700,0,0.18,4628,12.69,1.54,30,20,0.0,0.0,-20.0,-20.0,348.398,-1.71
47.5649,700,0,0.18,4628,12.69,1.54,30,20,0.0,0.0,-20.0,-20.0,351.387,3.44
47.6651,700,0,0.18,4628,12.69,1.54,30,20,0.0,0.0,-20.0,-20.0,351.475,3.59
47.7654,700,0,0.18,4628,12.69,1.54,30,20,0.0,0.0,-20.0,-20.0,351.475,3.59
47.8657,700,0,0.18,4628,12.69,1.54,30,20,0.0,0.0,-20.0,-20.0,352.09,4.61
47.966,700,0,0.18,4628,12.69,1.54,30,20,0.0,0.0,-20.0,-20.0,352.705,5.63
48.0662,700,0,0.18,4628,12.69,1.54,30,20,0.0,0.0,-20.0,-20.0,351.123,3.0
48.1665,700,0,0.18,4628,12.69,1.54,30,20,0.0,0.0,-20.0,-20.0,349.541,0.3
48.2668,700,0,0.18,4628,12.69,1.54,30,20,0.0,0.0,-20.0,-20.0,352.617,5.48
48.367,700,0,0.18,4628,12.69,1.54,30,20,0.0,0.0,-20.0,-20.0,352.354,5.05
48.4674,700,0,-0.03,4614,12.69,1.57,30,20,0.0,0.0,-20.0,-20.0,353.057,6.2
48.5679,700,0,-0.03,4614,12.69,1.57,30,20,0.0,0.0,-20.0,-20.0,353.057,6.2
48.6682,700,0,-0.03,4614,12.69,1.57,30,20,0.0,0.0,-20.0,-20.0,352.002,4.47
48.7685,700,0,-0.03,4614,12.69,1.57,30,20,0.0,0.0,-20.0,-20.0,348.398,-1.71
48.8687,700,0,-0.03,4614,12.69,1.57,30,20,0.0,0.0,-20.0,-20.0,352.705,5.63
48.9691,700,0,-0.03,4614,12.69,1.57,30,20,0.0,0.0,-20.0,-20.0,350.684,2.26
49.0693,700,0,-0.03,4614,12.69,1.57,30,20,0.0,0.0,-20.0,-20.0,353.584,7.06
49.1696,700,0,-0.03,4614,12.69,1.57,30,20,0.0,0.0,-20.0,-20.0,350.508,1.96
49.2698,700,0,-0.03,4614,12.69,1.57,30,20,0.0,0.0,-20.0,-20.0,350.332,1.66
49.3701,700,0,-0.03,4614,12.69,1.57,30,20,0.0,0.0,-20.0,-20.0,353.584,7.06
49.4705,700,0,-0.05,4685,12.7,1.6,30,21,0.0,0.0,-20.0,-20.0,353.584,7.06
49.5708,700,0,-0.05,4685,12.7,1.6,30,21,0.0,0.0,-20.0,-20.0,351.914,4.32
49.6711,700,0,-0.05,4685,12.7,1.6,30,21,0.0,0.0,-20.0,-20.0,352.617,5.48
49.7713,700,0,-0.05,4685,12.7,1.6,30,21,0.0,0.0,-20.0,-20.0,349.014,-0.62
49.8716,700,0,-0.05,4685,12.7,1.6,30,21,0.0,0.0,-20.0,-20.0,351.65,3.88
49.9719,700,0,-0.05,4685,12.7,1.6,30,21,0.0,0.0,-20.0,-20.0,352.002,4.47
50.0722,700,0,-0.05,4685,12.7,1.6,30,21,0.0,0.0,-20.0,-20.0,353.76,7.35
50.1725,700,0,-0.05,4685,12.7,1.6,30,21,0.0,0.0,-20.0,-20.0,351.387,3.44
50.2728,700,0,-0.05,4685,12.7,1.6,30,21,0.0,0.0,-20.0,-20.0,351.387,3.44
50.3731,700,0,-0.05,4685,12.7,1.6,30,21,0.0,0.0,-20.0,-20.0,350.156,1.36
50.4735,690,0,-0.05,4628,12.69,1.54,30,21,0.0,0.0,-20.0,-20.0,351.299,3.3
50.5738,690,0,-0.05,4628,12.69,1.54,30,21,0.0,0.0,-20.0,-20.0,351.562,3.74
50.674,680,0,-0.05,4628,12.69,1.54,30,21,0.0,0.0,-20.0,-20.0,353.584,7.06
50.7743,680,0,-0.05,4628,12.69,1.54,30,21,0.0,0.0,-20.0,-20.0,350.771,2.41
50.8746,670,0,-0.05,4628,12.69,1.54,30,21,0.0,0.0,-20.0,-20.0,352.354,5.05
50.9749,670,0,-0.05,4628,12.69,1.54,30,21,0.0,0.0,-20.0,-20.0,348.574,-1.4
51.0759,660,0,-0.05,4628,12.69,1.54,30,21,0.0,0.0,-20.0,-20.0,348.574,-1.4
51.1762,660,0,-0.05,4628,12.69,1.54,30,21,0.0,0.0,-20.0,-20.0,353.496,6.92
51.2765,650,0,-0.05,4628,12.69,1.54,30,21,0.0,0.0,-20.0,-20.0,351.035,2.85
51.3768,650,0,-0.05,4628,12.69,1.54,30,21,0.0,0.0,-20.0,-20.0,351.826,4.18
51.4772,640,0,0.07,4300,12.7,1.25,30,21,0.0,0.0,-20.0,-20.0,352.705,5.63
51.5775,640,0,0.07,4300,12.7,1.25,30,21,0.0,0.0,-20.0,-20.0,352.178,4.76
51.6778,630,0,0.07,4300,12.7,1.25,30,21,0.0,0.0,-20.0,-20.0,352.705,5.63
51.7781,630,0,0.07,4300,12.7,1.25,30,21,0.0,0.0,-20.0,-20.0,352.002,4.47
51.8783,620,0,0.07,4300,12.7,1.25,30,21,0.0,0.0,-20.0,-20.0,351.914,4.32
51.9786,620,0,0.07,4300,12.7,1.25,30,21,0.0,0.0,-20.0,-20.0,351.914,4.32
52.0789,610,0,0.07,4300,12.7,1.25,30,21,0.0,0.0,-20.0,-20.0,351.914,4.32
52.1792,610,0,0.07,4300,12.7,1.25,30,21,0.0,0.0,-20.0,-20.0,351.826,4.18
52.2795,600,0,0.07,4300,12.7,1.25,30,21,0.0,0.0,-20.0,-20.0,354.639,8.77
52.3798,600,0,0.07,4300,12.7,1.25,30,21,0.0,0.0,-20.0,-20.0,352.266,4.9
52.4802,590,0,0.09,3985,12.7,0.96,30,22,0.0,0.0,-20.0,-20.0,352.881,5.92
52.5805,590,0,0.09,3985,12.7,0.96,30,22,0.0,0.0,-20.0,-20.0,354.375,8.34
52.6808,580,0,0.09,3985,12.7,0.96,30,22,0.0,0.0,-20.0,-20.0,352.617,5.48
52.781,580,0,0.09,3985,12.7,0.96,30,22,0.0,0.0,-20.0,-20.0,352.617,5.48
52.8813,570,0,0.09,3985,12.7,0.96,30,22,0.0,0.0,-20.0,-20.0,353.496,6.92
52.9816,570,0,0.09,3985,12.7,0.96,30,22,0.0,0.0,-20.0,-20.0,354.287,8.2
53.0819,560,0,0.09,3985,12.7,0.96,30,22,0.0,0.0,-20.0,-20.0,354.639,8.77
53.1822,560,0,0.09,3985,12.7,0.96,30,22,0.0,0.0,-20.0,-20.0,353.936,7.63
53.2824,550,0,0.09,3985,12.7,0.96,30,22,0.0,0.0,-20.0,-20.0,352.793,5.77
53.3827,550,0,0.09,3985,12.7,0.96,30,22,0.0,0.0,-20.0,-20.0,352.969,6.06
53.4831,540,0,0.13,3642,12.7,0.77,30,22,0.0,0.0,-20.0,-20.0,353.936,7.63
53.5834,540,0,0.13,3642,12.7,0.77,30,22,0.0,0.0,-20.0,-20.0,353.936,7.63
53.6837,530,0,0.13,3642,12.7,0.77,30,22,0.0,0.0,-20.0,-20.0,354.463,8.48
53.784,530,0,0.13,3642,12.7,0.77,30,22,0.0,0.0,-20.0,-20.0,354.111,7.92
53.8843,520,0,0.13,3642,12.7,0.77,30,22,0.0,0.0,-20.0,-20.0,353.057,6.2
53.9846,520,0,0.13,3642,12.7,0.77,30,22,0.0,0.0,-20.0,-20.0,353.848,7.49
54.0849,510,0,0.13,3642,12.7,0.77,30,22,0.0,0.0,-20.0,-20.0,353.584,7.06
54.1852,510,0,0.13,3642,12.7,0.77,30,22,0.0,0.0,-20.0,-20.0,353.32,6.63
54.2854,500,0,0.13,3642,12.7,0.77,30,22,0.0,0.0,-20.0,-20.0,354.023,7.77
54.3857,500,0,0.13,3642,12.7,0.77,30,22,0.0,0.0,-20.0,-20.0,354.111,7.92
54.486,490,0,0.19,3371,12.71,0.54,30,22,0.0,0.0,-20.0,-20.0,354.111,7.92
54.5863,490,0,0.19,3371,12.71,0.54,30,22,0.0,0.0,-20.0,-20.0,353.936,7.63
54.6866,480,0,0.19,3371,12.71,0.54,30,22,0.0,0.0,-20.0,-20.0,354.023,7.77
54.7869,480,0,0.19,3371,12.71,0.54,30,22,0.0,0.0,-20.0,-20.0,354.287,8.2
54.8872,470,0,0.19,3371,12.71,0.54,30,22,0.0,0.0,-20.0,-20.0,354.111,7.92
54.9875,470,0,0.19,3371,12.71,0.54,30,22,0.0,0.0,-20.0,-20.0,354.375,8.34
55.0878,460,0,0.19,3371,12.71,0.54,30,22,0.0,0.0,-20.0,-20.0,354.287,8.2
55.188,460,0,0.19,3371,12.71,0.54,30,22,0.0,0.0,-20.0,-20.0,354.375,8.34
55.2883,450,0,0.19,3371,12.71,0.54,30,22,0.0,0.0,-20.0,-20.0,354.375,8.34
55.3886,450,0,0.19,3371,12.71,0.54,30,22,0.0,0.0,-20.0,-20.0,354.111,7.92
55.489,440,0,0.27,3028,12.72,0.41,30,22,0.0,0.0,-20.0,-20.0,354.023,7.77
55.5893,440,0,0.27,3028,12.72,0.41,30,22,0.0,0.0,-20.0,-20.0,354.199,8.06
55.6896,430,0,0.27,3028,12.72,0.41,30,22,0.0,0.0,-20.0,-20.0,354.199,8.06
55.7898,430,0,0.27,3028,12.72,0.41,30,22,0.0,0.0,-20.0,-20.0,353.936,7.63
55.8902,420,0,0.27,3028,12.72,0.41,30,22,0.0,0.0,-20.0,-20.0,354.287,8.2
55.9904,420,0,0.27,3028,12.72,0.41,30,22,0.0,0.0,-20.0,-20.0,353.936,7.63
56.0908,410,0,0.27,3028,12.72,0.41,30,22,0.0,0.0,-20.0,-20.0,353.936,7.63
56.1911,410,0,0.27,3028,12.72,0.41,30,22,0.0,0.0,-20.0,-20.0,354.199,8.06
56.2913,400,0,0.27,3028,12.72,0.41,30,22,0.0,0.0,-20.0,-20.0,354.111,7.92
56.3916,400,0,0.09,3028,12.72,0.41,30,22,0.0,0.0,-20.0,-20.0,353.936,7.63
56.492,390,0,0.09,2685,12.71,0.35,30,22,0.0,0.0,-20.0,-20.0,354.023,7.77
56.5922,390,0,0.09,2685,12.71,0.35,30,22,0.0,0.0,-20.0,-20.0,354.111,7.92
56.6925,380,0,0.09,2685,12.71,0.35,30,22,0.0,0.0,-20.0,-20.0,354.199,8.06
56.7928,380,0,0.09,2685,12.71,0.35,30,22,0.0,0.0,-20.0,-20.0,354.111,7.92
56.8931,370,0,0.09,2685,12.71,0.35,30,22,0.0,0.0,-20.0,-20.0,354.111,7.92
56.9933,370,0,0.09,2685,12.71,0.35,30,22,0.0,0.0,-20.0,-20.0,354.111,7.92
57.0936,360,0,0.09,2685,12.71,0.35,30,22,0.0,0.0,-20.0,-20.0,354.023,7.77
57.1939,360,0,0.09,2685,12.71,0.35,30,22,0.0,0.0,-20.0,-20.0,354.199,8.06
57.2942,350,0,0.09,2685,12.71,0.35,30,22,0.0,0.0,-20.0,-20.0,354.199,8.06
57.3945,350,0,0.15,2685,12.71,0.35,30,22,0.0,0.0,-20.0,-20.0,354.199,8.06
57.4948,340,0,0.15,2342,12.7,0.28,30,22,0.0,0.0,-20.0,-20.0,354.287,8.2
57.5951,340,0,0.15,2342,12.7,0.28,30,22,0.0,0.0,-20.0,-20.0,354.199,8.06
57.6954,330,0,0.15,2342,12.7,0.28,30,22,0.0,0.0,-20.0,-20.0,354.199,8.06
57.7957,330,0,0.15,2342,12.7,0.28,30,22,0.0,0.0,-20.0,-20.0,354.199,8.06
57.8959,320,0,0.15,2342,12.7,0.28,30,22,0.0,0.0,-20.0,-20.0,354.199,8.06
57.9962,320,0,0.15,2342,12.7,0.28,30,22,0.0,0.0,-20.0,-20.0,354.199,8.06
58.0965,310,0,0.15,2342,12.7,0.28,30,22,0.0,0.0,-20.0,-20.0,354.199,8.06
58.1967,310,0,0.15,2342,12.7,0.28,30,22,0.0,0.0,-20.0,-20.0,354.199,8.06
58.297,300,0,0.15,2342,12.7,0.28,30,22,0.0,0.0,-20.0,-20.0,354.199,8.06
58.3973,300,0,0.08,2342,12.7,0.28,30,22,0.0,0.0,-20.0,-20.0,354.199,8.06
58.4977,290,0,0.08,2014,12.71,0.22,30,22,0.0,0.0,-20.0,-20.0,354.287,8.2
58.598,290,0,0.08,2014,12.71,0.22,30,22,0.0,0.0,-20.0,-20.0,354.287,8.2
58.6982,280,0,0.08,2014,12.71,0.22,30,22,0.0,0.0,-20.0,-20.0,354.199,8.06
58.7985,280,0,0.08,2014,12.71,0.22,30,22,0.0,0.0,-20.0,-20.0,354.199,8.06
58.8988,270,0,0.08,2014,12.71,0.22,30,22,0.0,0.0,-20.0,-20.0,354.199,8.06
58.9991,270,0,0.08,2014,12.71,0.22,30,22,0.0,0.0,-20.0,-20.0,354.199,8.06
59.0994,260,0,0.08,2014,12.71,0.22,30,22,0.0,0.0,-20.0,-20.0,354.199,8.06
59.1996,260,0,0.08,2014,12.71,0.22,30,22,0.0,0.0,-20.0,-20.0,354.287,8.2
59.2999,250,0,0.08,2014,12.71,0.22,30,22,0.0,0.0,-20.0,-20.0,354.199,8.06
59.4003,250,0,0.05,2014,12.71,0.22,30,22,0.0,0.0,-20.0,-20.0,354.287,8.2
59.5006,240,0,0.05,1642,12.72,0.16,30,22,0.0,0.0,-20.0,-20.0,354.287,8.2
59.6009,240,0,0.05,1642,12.72,0.16,30,22,0.0,0.0,-20.0,-20.0,354.287,8.2
59.7012,230,0,0.05,1642,12.72,0.16,30,22,0.0,0.0,-20.0,-20.0,354.287,8.2
59.8015,230,0,0.05,1642,12.72,0.16,30,22,0.0,0.0,-20.0,-20.0,354.199,8.06
59.9018,220,0,0.05,1642,12.72,0.16,30,22,0.0,0.0,-20.0,-20.0,354.287,8.2
60.0021,210,0,0.05,1642,12.72,0.16,30,22,0.0,0.0,-20.0,-20.0,354.287,8.2
60.1024,210,0,0.05,1642,12.72,0.16,30,22,0.0,0.0,-20.0,-20.0,354.199,8.06
60.2027,200,0,0.05,1642,12.72,0.16,30,22,0.0,0.0,-20.0,-20.0,354.199,8.06
60.303,200,0,0.05,1642,12.72,0.16,30,22,0.0,0.0,-20.0,-20.0,354.199,8.06
60.4033,190,0,-0.06,1642,12.72,0.16,30,22,0.0,0.0,-20.0,-20.0,354.199,8.06
60.5037,190,0,-0.06,1285,12.72,0.12,30,22,0.0,0.0,-20.0,-20.0,354.199,8.06
60.604,180,0,-0.06,1285,12.72,0.12,30,22,0.0,0.0,-20.0,-20.0,354.287,8.2
60.7042,180,0,-0.06,1285,12.72,0.12,30,22,0.0,0.0,-20.0,-20.0,354.287,8.2
60.8045,170,0,-0.06,1285,12.72,0.12,30,22,0.0,0.0,-20.0,-20.0,354.287,8.2
60.9048,170,0,-0.06,1285,12.72,0.12,30,22,0.0,0.0,-20.0,-20.0,354.199,8.06
61.005,160,0,-0.06,1285,12.72,0.12,30,22,0.0,0.0,-20.0,-20.0,354.199,8.06
61.1053,160,0,-0.06,1285,12.72,0.12,30,22,0.0,0.0,-20.0,-20.0,354.199,8.06
61.2056,150,0,-0.06,1285,12.72,0.12,30,22,0.0,0.0,-20.0,-20.0,354.199,8.06
61.3059,150,0,-0.06,1285,12.72,0.12,30,22,0.0,0.0,-20.0,-20.0,354.199,8.06
61.4063,140,0,0.16,1285,12.72,0.12,30,22,0.0,0.0,-20.0,-20.0,354.199,8.06
61.5066,150,0,0.16,928,12.72,0.09,30,22,0.0,0.0,-20.0,-20.0,354.287,8.2
61.6072,130,0,0.16,928,12.72,0.09,30,22,0.0,0.0,-20.0,-20.0,354.287,8.2
61.7074,130,0,0.16,928,12.72,0.09,30,22,0.0,0.0,-20.0,-20.0,354.199,8.06
61.8077,120,0,0.16,928,12.72,0.09,30,22,0.0,0.0,-20.0,-20.0,354.287,8.2
61.908,120,0,0.16,928,12.72,0.09,30,22,0.0,0.0,-20.0,-20.0,354.199,8.06
62.0083,110,0,0.16,928,12.72,0.09,30,22,0.0,0.0,-20.0,-20.0,354.199,8.06
62.1086,110,0,0.16,928,12.72,0.09,30,22,0.0,0.0,-20.0,-20.0,354.199,8.06
62.2088,100,0,0.16,928,12.72,0.09,30,22,0.0,0.0,-20.0,-20.0,354.199,8.06
62.3091,100,0,0.16,928,12.72,0.09,30,22,0.0,0.0,-20.0,-20.0,354.199,8.06
62.4093,90,0,0.14,928,12.72,0.09,30,22,0.0,0.0,-20.0,-20.0,354.287,8.2
62.5097,100,0,0.14,585,12.72,0.06,30,22,0.0,0.0,-20.0,-20.0,354.287,8.2
62.6099,80,0,0.14,585,12.72,0.06,30,22,0.0,0.0,-20.0,-20.0,354.199,8.06
62.7102,80,0,0.14,585,12.72,0.06,30,22,0.0,0.0,-20.0,-20.0,354.199,8.06
62.8105,70,0,0.14,585,12.72,0.06,30,22,0.0,0.0,-20.0,-20.0,354.199,8.06
62.9108,70,0,0.14,585,12.72,0.06,30,22,0.0,0.0,-20.0,-20.0,354.287,8.2
63.0111,60,0,0.14,585,12.72,0.06,30,22,0.0,0.0,-20.0,-20.0,354.199,8.06
63.1114,60,0,0.14,585,12.72,0.06,30,22,0.0,0.0,-20.0,-20.0,354.287,8.2
63.2116,50,0,0.14,585,12.72,0.06,30,22,0.0,0.0,-20.0,-20.0,354.199,8.06
63.3119,50,0,0.14,585,12.72,0.06,30,22,0.0,0.0,-20.0,-20.0,354.199,8.06
63.4122,47,0,0.33,585,12.72,0.06,30,22,0.0,0.0,-20.0,-20.0,354.287,8.2
63.5125,50,0,0.33,228,12.72,0.03,30,22,0.0,0.0,-20.0,-20.0,354.199,8.06
63.6128,50,0,0.33,228,12.72,0.03,30,22,0.0,0.0,-20.0,-20.0,354.199,8.06
63.7131,50,0,0.33,228,12.72,0.03,30,22,0.0,0.0,-20.0,-20.0,354.199,8.06
63.8133,50,0,0.33,228,12.72,0.03,30,22,0.0,0.0,-20.0,-20.0,354.287,8.2
63.9136,50,0,0.33,228,12.72,0.03,30,22,0.0,0.0,-20.0,-20.0,354.199,8.06
64.0139,50,0,0.33,228,12.72,0.03,30,22,0.0,0.0,-20.0,-20.0,354.287,8.2
64.1141,50,0,0.33,228,12.72,0.03,30,22,0.0,0.0,-20.0,-20.0,354.287,8.2
64.2144,50,0,0.33,228,12.72,0.03,30,22,0.0,0.0,-20.0,-20.0,354.287,8.2
64.3146,50,0,0.33,228,12.72,0.03,30,22,0.0,0.0,-20.0,-20.0,354.199,8.06
64.4151,50,0,0.01,228,12.72,0.03,30,22,0.0,0.0,-20.0,-20.0,354.199,8.06
64.5155,50,0,0.01,328,12.72,0.09,30,22,0.0,0.0,-20.0,-20.0,354.199,8.06
64.6158,50,0,0.01,328,12.72,0.09,30,22,0.0,0.0,-20.0,-20.0,354.287,8.2
64.7161,50,0,0.01,328,12.72,0.09,30,22,0.0,0.0,-20.0,-20.0,354.287,8.2
64.8163,50,0,0.01,328,12.72,0.09,30,22,0.0,0.0,-20.0,-20.0,354.199,8.06
64.9166,50,0,0.01,328,12.72,0.09,30,22,0.0,0.0,-20.0,-20.0,354.199,8.06
65.0169,50,0,0.01,328,12.72,0.09,30,22,0.0,0.0,-20.0,-20.0,354.287,8.2
65.1172,50,0,0.01,328,12.72,0.09,30,22,0.0,0.0,-20.0,-20.0,354.287,8.2
65.2174,50,0,0.01,328,12.72,0.09,30,22,0.0,0.0,-20.0,-20.0,354.199,8.06
65.3177,50,0,0.01,328,12.72,0.09,30,22,0.0,0.0,-20.0,-20.0,354.199,8.06
65.418,0,0,-0.02,328,12.72,0.09,30,22,0.0,0.0,-20.0,-20.0,354.287,8.2
65.5184,50,0,-0.02,100,12.72,0.03,30,22,0.0,0.0,-20.0,-20.0,354.199,8.06
65.6187,50,0,-0.02,100,12.72,0.03,30,22,0.0,0.0,-20.0,-20.0,354.199,8.06
65.7189,50,0,-0.02,100,12.72,0.03,30,22,0.0,0.0,-20.0,-20.0,354.199,8.06
65.8192,50,0,-0.02,100,12.72,0.03,30,22,0.0,0.0,-20.0,-20.0,354.287,8.2
65.9195,50,0,-0.02,100,12.72,0.03,30,22,0.0,0.0,-20.0,-20.0,354.199,8.06
66.0198,50,0,-0.02,100,12.72,0.03,30,22,0.0,0.0,-20.0,-20.0,354.287,8.2
66.12,50,0,-0.02,100,12.72,0.03,30,22,0.0,0.0,-20.0,-20.0,354.287,8.2
66.2202,50,0,-0.02,100,12.72,0.03,30,22,0.0,0.0,-20.0,-20.0,354.287,8.2
66.3205,50,0,-0.02,100,12.72,0.03,30,22,0.0,0.0,-20.0,-20.0,354.287,8.2
66.4208,0,0,0.07,0,12.72,0.03,30,23,0.0,0.0,-20.0,-20.0,354.199,8.06
66.5211,0,0,0.07,0,12.72,0.03,30,23,0.0,0.0,-20.0,-20.0,354.199,8.06
66.6214,0,0,0.07,0,12.72,0.03,30,23,0.0,0.0,-20.0,-20.0,354.199,8.06
66.7217,0,0,0.07,0,12.72,0.03,30,23,0.0,0.0,-20.0,-20.0,354.199,8.06
66.8219,0,0,0.07,0,12.72,0.03,30,23,0.0,0.0,-20.0,-20.0,354.287,8.2
66.9222,0,0,0.07,0,12.72,0.03,30,23,0.0,0.0,-20.0,-20.0,354.287,8.2
67.0225,0,0,0.07,0,12.72,0.03,30,23,0.0,0.0,-20.0,-20.0,354.287,8.2
67.1228,0,0,0.07,0,12.72,0.03,30,23,0.0,0.0,-20.0,-20.0,354.287,8.2
67.223,0,0,0.07,0,12.72,0.03,30,23,0.0,0.0,-20.0,-20.0,354.287,8.2
67.3233,0,0,0.07,0,12.72,0.03,30,23,0.0,0.0,-20.0,-20.0,354.287,8.2
67.4236,0,0,0.07,0,12.72,0.03,30,23,0.0,0.0,-20.0,-20.0,354.199,8.06
67.524,0,0,0.07,0,12.72,0.03,30,23,0.0,0.0,-20.0,-20.0,354.287,8.2
67.6243,0,0,0.07,0,12.72,0.03,30,23,0.0,0.0,-20.0,-20.0,354.287,8.2
67.7245,0,0,0.07,0,12.72,0.03,30,23,0.0,0.0,-20.0,-20.0,354.199,8.06
67.8248,0,0,0.07,0,12.72,0.03,30,23,0.0,0.0,-20.0,-20.0,354.199,8.06
67.925,0,0,0.07,0,12.72,0.03,30,23,0.0,0.0,-20.0,-20.0,354.287,8.2
68.0253,0,0,0.07,0,12.72,0.03,30,23,0.0,0.0,-20.0,-20.0,354.287,8.2
68.1256,0,0,0.07,0,12.72,0.03,30,23,0.0,0.0,-20.0,-20.0,354.287,8.2
68.2258,0,0,0.07,0,12.72,0.03,30,23,0.0,0.0,-20.0,-20.0,354.287,8.2
68.3261,0,0,0.07,0,12.72,0.03,30,23,0.0,0.0,-20.0,-20.0,354.287,8.2
68.4265,0,0,0.14,0,12.72,0.03,30,23,0.0,0.0,-20.0,-20.0,354.199,8.06
68.5268,0,0,0.14,0,12.72,0.03,30,23,0.0,0.0,-20.0,-20.0,354.199,8.06
68.627,0,0,0.14,0,12.72,0.03,30,23,0.0,0.0,-20.0,-20.0,354.199,8.06
68.7273,0,0,0.14,0,12.72,0.03,30,23,0.0,0.0,-20.0,-20.0,354.199,8.06
68.8275,0,0,0.14,0,12.72,0.03,30,23,0.0,0.0,-20.0,-20.0,354.199,8.06
68.9279,0,0,0.14,0,12.72,0.03,30,23,0.0,0.0,-20.0,-20.0,354.199,8.06
69.0282,0,0,0.14,0,12.72,0.03,30,23,0.0,0.0,-20.0,-20.0,354.199,8.06
69.1285,0,0,0.14,0,12.72,0.03,30,23,0.0,0.0,-20.0,-20.0,354.287,8.2
69.2287,0,0,0.14,0,12.72,0.03,30,23,0.0,0.0,-20.0,-20.0,354.287,8.2
69.329,0,0,0.14,0,12.72,0.03,30,23,0.0,0.0,-20.0,-20.0,354.287,8.2
69.4293,0,0,0.05,0,12.72,0.03,30,23,0.0,0.0,-20.0,-20.0,354.287,8.2
69.5296,0,0,0.05,0,12.72,0.03,30,23,0.0,0.0,-20.0,-20.0,354.287,8.2
69.6299,0,0,0.05,0,12.72,0.03,30,23,0.0,0.0,-20.0,-20.0,354.287,8.2
69.7302,0,0,0.05,0,12.72,0.03,30,23,0.0,0.0,-20.0,-20.0,354.199,8.06
69.8305,0,0,0.05,0,12.72,0.03,30,23,0.0,0.0,-20.0,-20.0,354.287,8.2
69.9308,0,0,0.05,0,12.72,0.03,30,23,0.0,0.0,-20.0,-20.0,354.199,8.06
70.031,0,0,0.05,0,12.72,0.03,30,23,0.0,0.0,-20.0,-20.0,354.287,8.2
70.1313,0,0,0.05,0,12.72,0.03,30,23,0.0,0.0,-20.0,-20.0,354.199,8.06
70.2316,0,0,0.05,0,12.72,0.03,30,23,0.0,0.0,-20.0,-20.0,354.287,8.2
70.3318,0,0,0.05,0,12.72,0.03,30,23,0.0,0.0,-20.0,-20.0,354.287,8.2
70.4321,0,0,0.1,0,12.72,0.03,30,23,0.0,0.0,-20.0,-20.0,354.199,8.06
70.5324,0,0,0.1,0,12.72,0.03,30,23,0.0,0.0,-20.0,-20.0,354.287,8.2
70.6327,0,0,0.1,0,12.72,0.03,30,23,0.0,0.0,-20.0,-20.0,354.199,8.06
70.733,0,0,0.1,0,12.72,0.03,30,23,0.0,0.0,-20.0,-20.0,354.199,8.06
70.8332,0,0,0.1,0,12.72,0.03,30,23,0.0,0.0,-20.0,-20.0,354.199,8.06
70.9335,0,0,0.1,0,12.72,0.03,30,23,0.0,0.0,-20.0,-20.0,354.287,8.2
71.0338,0,0,0.1,0,12.72,0.03,30,23,0.0,0.0,-20.0,-20.0,354.287,8.2
71.1341,0,0,0.1,0,12.72,0.03,30,23,0.0,0.0,-20.0,-20.0,354.287,8.2
71.2343,0,0,0.1,0,12.72,0.03,30,23,0.0,0.0,-20.0,-20.0,354.199,8.06
71.3346,0,0,0.1,0,12.72,0.03,30,23,0.0,0.0,-20.0,-20.0,354.287,8.2
71.4349,0,0,-0.13,0,12.72,0.03,30,23,0.0,0.0,-20.0,-20.0,354.287,8.2
