time_s,throttle_pct,rpm_hall,weight_g,esc_rpm,voltage_v,current_a,temp_c,mah,pos_voltage,neg_voltage,pitch_pos,pitch_neg
0.0645,8,0,0.02,0,40.48,0.03,28,71,1.9,1.43,-4.53,-3.45
0.1648,8,0,0.02,0,40.48,0.03,28,71,1.9,1.43,-4.53,-3.45
0.2651,8,0,0.02,0,40.48,0.03,28,71,1.9,1.43,-4.53,-3.45
0.3653,8,0,0.02,0,40.48,0.03,28,71,1.9,1.43,-4.53,-3.45
0.4656,8,0,0.02,0,40.48,0.03,28,71,1.9,1.43,-4.53,-3.45
0.5659,8,0,0.05,0,40.48,0.03,28,71,1.9,1.43,-4.53,-3.45
0.6661,8,0,0.05,0,40.48,0.03,28,71,1.9,1.43,-4.53,-3.45
0.7665,8,0,0.05,0,40.48,0.03,28,71,1.9,1.43,-4.53,-3.45
0.8668,8,0,0.05,0,40.48,0.03,28,71,1.9,1.43,-4.53,-3.45
0.9671,8,0,0.05,0,40.48,0.03,28,71,1.9,1.43,-4.53,-3.45
1.0673,8,0,0.05,0,40.48,0.03,28,71,1.9,1.43,-4.53,-3.45
1.1676,8,0,0.05,0,40.48,0.03,28,71,1.9,1.43,-4.53,-3.45
1.2679,8,0,0.05,0,40.48,0.03,28,71,1.9,1.43,-4.53,-3.45
1.3681,8,0,0.05,0,40.48,0.03,28,71,1.9,1.43,-4.53,-3.45
1.4683,8,0,0.05,0,40.48,0.03,28,71,1.9,1.43,-4.53,-3.45
1.5686,8,0,-0.02,0,40.48,0.03,28,71,1.9,1.43,-4.53,-3.45
1.6688,8,0,-0.02,0,40.48,0.03,28,71,1.9,1.43,-4.53,-3.45
1.7691,8,0,-0.02,0,40.48,0.03,28,71,1.9,1.43,-4.53,-3.45
1.8694,8,0,-0.02,0,40.48,0.03,28,71,1.9,1.43,-4.53,-3.45
1.9696,8,0,-0.02,0,40.48,0.03,28,71,1.9,1.43,-4.53,-3.45
2.0699,8,0,-0.02,0,40.48,0.03,28,71,1.9,1.43,-4.53,-3.45
2.1701,8,0,-0.02,0,40.48,0.03,28,71,1.9,1.43,-4.53,-3.45
2.2704,8,0,-0.02,0,40.48,0.03,28,71,1.9,1.43,-4.53,-3.45
2.3707,14,0,-0.02,0,40.48,0.03,28,71,1.9,1.43,-4.53,-3.45
2.471,14,0,-0.02,0,40.48,0.03,28,71,1.95,1.45,1.29,-7.18
2.5712,14,3355,0.12,0,40.48,0.03,28,71,1.9,1.45,-4.53,-7.18
2.6715,14,2043,0.12,0,40.48,0.03,28,71,1.87,1.45,-13.26,-7.18
2.7718,14,4143,0.12,0,40.48,0.03,28,71,1.9,1.46,-4.53,-8.99
2.872,14,4160,0.12,4185,40.48,1.44,28,71,1.88,1.46,-11.53,-8.99
2.9722,14,4155,0.12,4185,40.48,1.44,28,71,1.88,1.46,-11.53,-8.99
3.0724,14,2093,0.12,4185,40.48,1.44,28,71,1.9,1.45,-4.53,-7.18
3.1727,14,4184,0.12,4185,40.48,1.44,28,71,1.88,1.45,-11.53,-7.18
3.2729,14,2100,0.12,4185,40.48,1.44,28,71,1.88,1.45,-11.53,-7.18
3.3731,14,4155,0.12,4185,40.48,1.44,28,71,1.88,1.45,-11.53,-7.18
3.4733,14,2103,0.12,4185,40.48,1.44,28,71,1.88,1.46,-11.53,-8.99
3.5736,14,2094,83.27,4185,40.48,1.44,28,71,1.88,1.45,-11.53,-7.18
3.6738,14,4103,83.27,4185,40.48,1.44,28,71,1.88,1.45,-11.53,-7.18
3.774,14,2118,83.27,4185,40.48,1.44,28,71,1.88,1.45,-11.53,-7.18
3.875,14,2106,83.27,4200,40.46,0.93,28,71,1.88,1.46,-11.53,-8.99
3.9753,16,2129,83.27,4200,40.46,0.93,28,71,1.88,1.46,-11.53,-8.99
4.0755,16,2388,83.27,4200,40.46,0.93,28,71,1.88,1.45,-11.53,-7.18
4.1757,16,4823,83.27,4200,40.46,0.93,28,71,1.88,1.45,-11.53,-7.18
4.2759,16,4823,83.27,4200,40.46,0.93,28,71,1.88,1.46,-11.53,-8.99
4.3761,16,4830,83.27,4200,40.46,0.93,28,71,1.88,1.46,-11.53,-8.99
4.4764,16,4807,83.27,4200,40.46,0.93,28,71,1.9,1.46,-4.53,-8.99
4.5766,16,4784,116.82,4200,40.46,0.93,28,71,1.88,1.45,-11.53,-7.18
4.6768,16,4823,116.82,4200,40.46,0.93,28,71,1.87,1.45,-13.26,-7.18
4.777,16,4846,116.82,4200,40.46,0.93,28,71,1.87,1.45,-13.26,-7.18
4.8772,16,2433,116.82,4857,40.46,1.19,28,72,1.88,1.44,-11.53,-5.38
4.9775,16,2431,116.82,4857,40.46,1.19,28,72,1.87,1.46,-13.26,-8.99
5.0777,16,2421,116.82,4857,40.46,1.19,28,72,1.87,1.46,-13.26,-8.99
5.178,18,4807,116.82,4857,40.46,1.19,28,72,1.88,1.42,-11.53,-1.5
5.2782,18,2645,116.82,4857,40.46,1.19,28,72,1.88,1.45,-11.53,-7.18
5.3784,18,2676,116.82,4857,40.46,1.19,28,72,1.87,1.45,-13.26,-7.18
5.4787,18,5093,116.82,4857,40.46,1.19,28,72,1.92,1.45,-2.61,-7.18
5.5789,18,5244,146.5,4857,40.46,1.19,28,72,1.88,1.46,-11.53,-8.99
5.6791,18,5338,146.5,4857,40.46,1.19,28,72,1.87,1.46,-13.26,-8.99
5.7794,18,5319,146.5,4857,40.46,1.19,28,72,1.88,1.45,-11.53,-7.18
5.8796,18,5217,146.5,5357,40.47,1.44,28,72,1.87,1.46,-13.26,-8.99
5.9798,18,2683,146.5,5357,40.47,1.44,28,72,1.87,1.45,-13.26,-7.18
6.0801,21,5263,146.5,5357,40.47,1.44,28,72,1.88,1.45,-11.53,-7.18
6.1804,21,3024,146.5,5357,40.47,1.44,28,72,1.87,1.45,-13.26,-7.18
6.2807,21,6024,146.5,5357,40.47,1.44,28,72,1.88,1.46,-11.53,-8.99
6.3809,21,3048,146.5,5357,40.47,1.44,28,72,1.87,1.46,-13.26,-8.99
6.4811,21,3073,146.5,5357,40.47,1.44,28,72,1.89,1.45,-9.05,-7.18
6.5814,21,6085,187.55,5357,40.47,1.44,28,72,1.9,1.46,-4.53,-8.99
6.6816,21,6036,187.55,5357,40.47,1.44,28,72,1.89,1.45,-9.05,-7.18
6.7818,25,3051,187.55,5357,40.47,1.44,28,72,1.87,1.46,-13.26,-8.99
6.8821,25,6849,187.55,7000,40.42,2.18,28,73,1.87,1.44,-13.26,-5.38
6.9823,25,7042,187.55,7000,40.42,2.18,28,73,1.88,1.36,-11.53,7.98
7.0826,25,7042,187.55,7000,40.42,2.18,28,73,1.87,1.46,-13.26,-8.99
7.1828,25,3567,187.55,7000,40.42,2.18,28,73,1.87,1.45,-13.26,-7.18
7.2831,25,7092,187.55,7000,40.42,2.18,28,73,1.87,1.45,-13.26,-7.18
7.3833,25,7058,187.55,7000,40.42,2.18,28,73,1.87,1.46,-13.26,-8.99
7.4835,25,7042,187.55,7000,40.42,2.18,28,73,1.88,1.46,-11.53,-8.99
7.5837,25,7025,243.3,7000,40.42,2.18,28,73,1.87,1.46,-13.26,-8.99
7.684,25,7058,243.3,7000,40.42,2.18,28,73,1.88,1.45,-11.53,-7.18
7.7843,25,7025,243.3,7000,40.42,2.18,28,73,1.87,1.45,-13.26,-7.18
7.8845,25,7025,243.3,7142,40.46,2.31,29,73,1.87,1.46,-13.26,-8.99
7.9847,25,3554,243.3,7142,40.46,2.31,29,73,1.87,1.46,-13.26,-8.99
8.0849,25,7025,243.3,7142,40.46,2.31,29,73,1.87,1.46,-13.26,-8.99
8.1852,25,7075,243.3,7142,40.46,2.31,29,73,1.87,1.45,-13.26,-7.18
8.2854,25,6976,243.3,7142,40.46,2.31,29,73,1.87,1.46,-13.26,-8.99
8.3857,28,3562,243.3,7142,40.46,2.31,29,73,1.88,1.46,-11.53,-8.99
8.486,28,3735,243.3,7142,40.46,2.31,29,73,1.87,1.45,-13.26,-7.18
8.5863,28,7772,251.63,7142,40.46,2.31,29,73,1.87,1.46,-13.26,-8.99
8.6865,28,7853,251.63,7142,40.46,2.31,29,73,1.87,1.45,-13.26,-7.18
8.7868,28,7894,251.63,7142,40.46,2.31,29,73,1.89,1.45,-9.05,-7.18
8.887,28,3973,251.63,7928,40.44,3.18,29,73,1.89,1.44,-9.05,-5.38
8.9873,28,7936,251.63,7928,40.44,3.18,29,73,1.87,1.46,-13.26,-8.99
9.0875,28,7812,251.63,7928,40.44,3.18,29,73,1.87,1.46,-13.26,-8.99
9.1878,28,7853,251.63,7928,40.44,3.18,29,73,1.87,1.46,-13.26,-8.99
9.288,28,3968,251.63,7928,40.44,3.18,29,73,1.87,1.46,-13.26,-8.99
9.3882,28,7874,251.63,7928,40.44,3.18,29,73,1.87,1.46,-13.26,-8.99
9.4885,28,7936,251.63,7928,40.44,3.18,29,73,1.87,1.45,-13.26,-7.18
9.5887,28,7936,309.14,7928,40.44,3.18,29,73,1.87,1.46,-13.26,-8.99
9.689,28,7874,309.14,7928,40.44,3.18,29,73,1.87,1.45,-13.26,-7.18
9.7892,28,7936,309.14,7928,40.44,3.18,29,73,1.87,1.46,-13.26,-8.99
9.8895,28,3942,309.14,7928,40.46,2.86,30,74,1.88,1.46,-11.53,-8.99
9.9897,28,7832,309.14,7928,40.46,2.86,30,74,1.87,1.46,-13.26,-8.99
10.0899,28,7894,309.14,7928,40.46,2.86,30,74,1.88,1.46,-11.53,-8.99
10.1902,28,7874,309.14,7928,40.46,2.86,30,74,1.87,1.46,-13.26,-8.99
10.2904,28,7894,309.14,7928,40.46,2.86,30,74,1.87,1.45,-13.26,-7.18
10.3907,28,7812,309.14,7928,40.46,2.86,30,74,1.87,1.46,-13.26,-8.99
10.4909,28,7915,309.14,7928,40.46,2.86,30,74,1.9,1.45,-4.53,-7.18
10.5912,28,7832,315.66,7928,40.46,2.86,30,74,1.87,1.46,-13.26,-8.99
10.6914,28,7853,315.66,7928,40.46,2.86,30,74,1.88,1.46,-11.53,-8.99
10.7916,28,7832,315.66,7928,40.46,2.86,30,74,1.88,1.45,-11.53,-7.18
10.8918,28,7853,315.66,7942,40.44,2.86,30,75,1.88,1.46,-11.53,-8.99
10.992,28,7894,315.66,7942,40.44,2.86,30,75,1.87,1.46,-13.26,-8.99
11.0922,28,3942,315.66,7942,40.44,2.86,30,75,1.87,1.44,-13.26,-5.38
11.1925,28,7812,315.66,7942,40.44,2.86,30,75,1.87,1.46,-13.26,-8.99
11.2927,28,7936,315.66,7942,40.44,2.86,30,75,1.87,1.46,-13.26,-8.99
11.3929,28,7936,315.66,7942,40.44,2.86,30,75,1.87,1.45,-13.26,-7.18
11.4931,28,7936,315.66,7942,40.44,2.86,30,75,1.9,1.45,-4.53,-7.18
11.5933,28,7853,309.74,7942,40.44,2.86,30,75,1.87,1.45,-13.26,-7.18
11.6935,28,7874,309.74,7942,40.44,2.86,30,75,1.89,1.46,-9.05,-8.99
11.7937,28,3963,309.74,7942,40.44,2.86,30,75,1.87,1.46,-13.26,-8.99
11.8939,28,7853,309.74,7957,40.45,2.86,30,76,1.88,1.45,-11.53,-7.18
11.9941,28,7874,309.74,7957,40.45,2.86,30,76,1.87,1.46,-13.26,-8.99
12.0943,28,7894,309.74,7957,40.45,2.86,30,76,1.87,1.46,-13.26,-8.99
12.1945,28,7936,309.74,7957,40.45,2.86,30,76,1.87,1.46,-13.26,-8.99
12.2947,28,7853,309.74,7957,40.45,2.86,30,76,1.87,1.44,-13.26,-5.38
12.3949,28,7874,309.74,7957,40.45,2.86,30,76,1.87,1.46,-13.26,-8.99
12.4951,28,7792,309.74,7957,40.45,2.86,30,76,1.86,1.46,-15.0,-8.99
12.5954,28,7874,320.42,7957,40.45,2.86,30,76,1.87,1.41,-13.26,0.46
12.6956,28,7812,320.42,7957,40.45,2.86,30,76,1.88,1.46,-11.53,-8.99
12.7958,28,7874,320.42,7957,40.45,2.86,30,76,1.88,1.46,-11.53,-8.99
12.896,32,7936,320.42,7942,40.46,2.92,30,76,1.87,1.45,-13.26,-7.18
12.9962,32,2671,320.42,7942,40.46,2.92,30,76,1.87,1.46,-13.26,-8.99
13.0965,32,8547,320.42,7942,40.46,2.92,30,76,1.89,1.45,-9.05,-7.18
13.1967,32,8823,320.42,7942,40.46,2.92,30,76,1.9,1.43,-4.53,-3.45
13.2972,32,8955,320.42,7942,40.46,2.92,30,76,1.87,1.45,-13.26,-7.18
13.3974,32,8875,320.42,7942,40.46,2.92,30,76,1.87,1.46,-13.26,-8.99
13.4991,32,8902,320.42,7942,40.46,2.92,30,76,1.87,1.46,-13.26,-8.99
13.5993,32,8928,399.46,7942,40.46,2.92,30,76,1.87,1.47,-13.26,-11.55
13.6995,32,8982,399.46,7942,40.46,2.92,30,76,1.87,1.46,-13.26,-8.99
13.7997,32,8875,399.46,7942,40.46,2.92,30,76,1.87,1.45,-13.26,-7.18
13.8999,32,8982,399.46,8971,40.44,3.73,30,77,1.88,1.46,-11.53,-8.99
14.0001,32,8875,399.46,8971,40.44,3.73,30,77,1.88,1.46,-11.53,-8.99
14.1004,32,8797,399.46,8971,40.44,3.73,30,77,1.87,1.45,-13.26,-7.18
14.2006,35,8797,399.46,8971,40.44,3.73,30,77,1.9,1.46,-4.53,-8.99
14.3008,35,9090,399.46,8971,40.44,3.73,30,77,1.88,1.46,-11.53,-8.99
14.401,35,9375,399.46,8971,40.44,3.73,30,77,1.87,1.46,-13.26,-8.99
14.5012,35,9554,448.78,8971,40.44,3.73,30,77,1.87,1.45,-13.26,-7.18
14.6014,35,9615,448.78,8971,40.44,3.73,30,77,1.87,1.46,-13.26,-8.99
14.7016,35,9287,448.78,8971,40.44,3.73,30,77,1.84,1.46,-20.0,-8.99
14.8018,35,9615,448.78,8971,40.44,3.73,30,77,1.88,1.43,-11.53,-3.45
14.9021,35,9615,448.78,9685,40.32,4.41,30,78,1.87,1.45,-13.26,-7.18
15.0023,35,9677,448.78,9685,40.32,4.41,30,78,1.87,1.44,-13.26,-5.38
15.1025,35,9646,448.78,9685,40.32,4.41,30,78,1.87,1.45,-13.26,-7.18
15.2027,35,9584,448.78,9685,40.32,4.41,30,78,1.87,1.46,-13.26,-8.99
15.3029,35,9646,448.78,9685,40.32,4.41,30,78,1.88,1.46,-11.53,-8.99
15.4032,36,9615,448.78,9685,40.32,4.41,30,78,1.87,1.46,-13.26,-8.99
15.5035,36,9677,465.31,9685,40.32,4.41,30,78,1.87,1.46,-13.26,-8.99
15.6038,36,9868,465.31,9685,40.32,4.41,30,78,1.87,1.46,-13.26,-8.99
15.704,36,9836,465.31,9685,40.32,4.41,30,78,1.87,1.46,-13.26,-8.99
15.8043,36,9868,465.31,9685,40.32,4.41,30,78,1.87,1.45,-13.26,-7.18
15.9045,36,9868,465.31,9942,40.27,4.6,30,79,1.87,1.47,-13.26,-11.55
16.005,36,9900,465.31,9942,40.27,4.6,30,79,1.87,1.45,-13.26,-7.18
16.1052,36,9708,465.31,9942,40.27,4.6,30,79,1.86,1.46,-15.0,-8.99
16.2054,36,9933,465.31,9942,40.27,4.6,30,79,1.87,1.47,-13.26,-11.55
16.3057,36,9900,465.31,9942,40.27,4.6,30,79,1.87,1.45,-13.26,-7.18
16.4059,36,9803,465.31,9942,40.27,4.6,30,79,1.87,1.46,-13.26,-8.99
16.5062,36,9836,506.26,9942,40.27,4.6,30,79,1.87,1.46,-13.26,-8.99
16.6064,36,9868,506.26,9942,40.27,4.6,30,79,1.9,1.46,-4.53,-8.99
16.7067,36,9836,506.26,9942,40.27,4.6,30,79,1.87,1.46,-13.26,-8.99
16.8069,36,9868,506.26,9942,40.27,4.6,30,79,1.87,1.46,-13.26,-8.99
16.9071,36,9740,506.26,9871,40.28,4.6,31,81,1.88,1.47,-11.53,-11.55
17.0074,36,9836,506.26,9871,40.28,4.6,31,81,1.87,1.46,-13.26,-8.99
17.1076,36,9900,506.26,9871,40.28,4.6,31,81,1.87,1.46,-13.26,-8.99
17.2079,36,9771,506.26,9871,40.28,4.6,31,81,1.87,1.46,-13.26,-8.99
17.3081,36,9900,506.26,9871,40.28,4.6,31,81,1.87,1.45,-13.26,-7.18
17.4083,36,9836,506.26,9871,40.28,4.6,31,81,1.87,1.46,-13.26,-8.99
17.5086,36,9933,509.62,9871,40.28,4.6,31,81,1.87,1.46,-13.26,-8.99
17.6088,36,9868,509.62,9871,40.28,4.6,31,81,1.88,1.46,-11.53,-8.99
17.7091,39,9836,509.62,9871,40.28,4.6,31,81,1.89,1.46,-9.05,-8.99
17.8093,39,9966,509.62,9871,40.28,4.6,31,81,1.87,1.45,-13.26,-7.18
17.9096,39,10067,509.62,10142,38.23,4.79,31,82,1.86,1.46,-15.0,-8.99
18.0098,39,10273,509.62,10142,38.23,4.79,31,82,1.87,1.45,-13.26,-7.18
18.1101,39,10273,509.62,10142,38.23,4.79,31,82,1.87,1.45,-13.26,-7.18
18.2103,39,10309,509.62,10142,38.23,4.79,31,82,1.87,1.46,-13.26,-8.99
18.3105,39,10380,509.62,10142,38.23,4.79,31,82,1.87,1.46,-13.26,-8.99
18.4107,39,10416,509.62,10142,38.23,4.79,31,82,1.89,1.46,-9.05,-8.99
18.5113,39,10452,557.7,10142,38.23,4.79,31,82,1.87,1.46,-13.26,-8.99
18.6116,39,10416,557.7,10142,38.23,4.79,31,82,1.93,1.46,-1.64,-8.99
18.7118,39,10452,557.7,10142,38.23,4.79,31,82,1.87,1.45,-13.26,-7.18
18.8121,39,10416,557.7,10142,38.23,4.79,31,82,1.88,1.46,-11.53,-8.99
18.9123,39,10452,557.7,10500,39.27,5.05,32,83,1.87,1.46,-13.26,-8.99
19.0126,39,10416,557.7,10500,39.27,5.05,32,83,1.87,1.46,-13.26,-8.99
19.1128,39,10380,557.7,10500,39.27,5.05,32,83,1.87,1.46,-13.26,-8.99
19.2131,39,10344,557.7,10500,39.27,5.05,32,83,1.89,1.46,-9.05,-8.99
19.3133,39,10380,557.7,10500,39.27,5.05,32,83,1.87,1.47,-13.26,-11.55
19.4135,39,10416,557.7,10500,39.27,5.05,32,83,1.87,1.45,-13.26,-7.18
19.5138,39,10489,557.36,10500,39.27,5.05,32,83,1.87,1.44,-13.26,-5.38
19.614,39,10344,557.36,10500,39.27,5.05,32,83,1.87,1.45,-13.26,-7.18
19.7142,39,10452,557.36,10500,39.27,5.05,32,83,1.87,1.41,-13.26,0.46
19.8144,39,10169,557.36,10500,39.27,5.05,32,83,1.88,1.45,-11.53,-7.18
19.9146,41,10309,557.36,10414,39.32,5.02,31,85,1.86,1.46,-15.0,-8.99
20.0149,41,10344,557.36,10414,39.32,5.02,31,85,1.88,1.46,-11.53,-8.99
20.1151,41,10309,557.36,10414,39.32,5.02,31,85,1.87,1.46,-13.26,-8.99
20.2153,41,10344,557.36,10414,39.32,5.02,31,85,1.87,1.45,-13.26,-7.18
20.3155,41,10273,557.36,10414,39.32,5.02,31,85,1.86,1.46,-15.0,-8.99
20.4157,41,10309,557.36,10414,39.32,5.02,31,85,1.88,1.46,-11.53,-8.99
20.5159,41,10273,537.51,10414,39.32,5.02,31,85,1.87,1.46,-13.26,-8.99
20.6162,41,10344,537.51,10414,39.32,5.02,31,85,1.87,1.46,-13.26,-8.99
20.7164,41,10309,537.51,10414,39.32,5.02,31,85,1.87,1.46,-13.26,-8.99
20.8167,36,10380,537.51,10414,39.32,5.02,31,85,1.86,1.46,-15.0,-8.99
20.9169,36,9836,537.51,10057,39.99,4.79,32,86,1.88,1.46,-11.53,-8.99
21.0171,36,9933,537.51,10057,39.99,4.79,32,86,1.87,1.46,-13.26,-8.99
21.1174,36,9771,537.51,10057,39.99,4.79,32,86,1.87,1.46,-13.26,-8.99
21.2176,36,9803,537.51,10057,39.99,4.79,32,86,1.87,1.46,-13.26,-8.99
21.3179,36,9868,537.51,10057,39.99,4.79,32,86,1.87,1.46,-13.26,-8.99
21.4181,36,9803,537.51,10057,39.99,4.79,32,86,1.87,1.37,-13.26,3.87
21.5184,36,9933,488.92,10057,39.99,4.79,32,86,1.88,1.46,-11.53,-8.99
21.6186,36,9836,488.92,10057,39.99,4.79,32,86,1.87,1.46,-13.26,-8.99
21.7189,36,9868,488.92,10057,39.99,4.79,32,86,1.88,1.44,-11.53,-5.38
21.8192,36,9900,488.92,10057,39.99,4.79,32,86,1.88,1.46,-11.53,-8.99
21.9194,34,9836,488.92,9928,40.32,4.6,33,87,1.87,1.43,-13.26,-3.45
22.0197,34,9677,488.92,9928,40.32,4.6,33,87,1.86,1.47,-15.0,-11.55
22.1199,34,9463,488.92,9928,40.32,4.6,33,87,1.87,1.46,-13.26,-8.99
22.22,34,9375,488.92,9928,40.32,4.6,33,87,1.87,1.46,-13.26,-8.99
22.3202,34,9345,488.92,9928,40.32,4.6,33,87,1.87,1.47,-13.26,-11.55
22.4203,34,9345,488.92,9928,40.32,4.6,33,87,1.87,1.45,-13.26,-7.18
22.5205,34,9433,451.05,9928,40.32,4.6,33,87,1.89,1.46,-9.05,-8.99
22.6207,29,9375,451.05,9928,40.32,4.6,33,87,1.89,1.46,-9.05,-8.99
22.7209,29,9259,451.05,9928,40.32,4.6,33,87,1.87,1.46,-13.26,-8.99
22.821,29,8310,451.05,9928,40.32,4.6,33,87,1.88,1.46,-11.53,-8.99
22.9212,29,8108,451.05,8228,40.45,3.15,33,89,1.87,1.45,-13.26,-7.18
23.0213,29,8021,451.05,8228,40.45,3.15,33,89,1.87,1.46,-13.26,-8.99
23.1215,29,8130,451.05,8228,40.45,3.15,33,89,1.87,1.45,-13.26,-7.18
23.2216,29,4126,451.05,8228,40.45,3.15,33,89,1.87,1.45,-13.26,-7.18
23.3218,18,8130,451.05,8228,40.45,3.15,33,89,1.87,1.46,-13.26,-8.99
23.4219,18,6802,451.05,8228,40.45,3.15,33,89,1.89,1.45,-9.05,-7.18
23.5221,18,3024,261.43,8228,40.45,3.15,33,89,1.89,1.45,-9.05,-7.18
23.6222,18,5385,261.43,8228,40.45,3.15,33,89,1.88,1.45,-11.53,-7.18
23.7224,18,2683,261.43,8228,40.45,3.15,33,89,1.89,1.45,-9.05,-7.18
23.8225,18,2690,261.43,8228,40.45,3.15,33,89,1.87,1.46,-13.26,-8.99
23.9227,18,2688,261.43,5357,40.48,1.19,33,89,1.87,1.45,-13.26,-7.18
24.0229,14,2695,261.43,5357,40.48,1.19,33,89,1.9,1.46,-4.53,-8.99
24.123,14,4658,261.43,5357,40.48,1.19,33,89,1.9,1.46,-4.53,-8.99
24.2232,14,4237,261.43,5357,40.48,1.19,33,89,1.91,1.45,-3.57,-7.18
24.3233,14,4189,261.43,5357,40.48,1.19,33,89,1.88,1.47,-11.53,-11.55
24.4234,14,4172,261.43,5357,40.48,1.19,33,89,1.88,1.45,-11.53,-7.18
24.5236,14,2111,88.39,5357,40.48,1.19,33,89,1.9,1.46,-4.53,-8.99
24.6237,14,4207,88.39,5357,40.48,1.19,33,89,1.88,1.43,-11.53,-3.45
24.7239,10,2100,88.39,5357,40.48,1.19,33,89,1.88,1.45,-11.53,-7.18
24.8241,10,4109,88.39,5357,40.48,1.19,33,89,1.88,1.45,-11.53,-7.18
24.9242,10,3275,88.39,3442,42.72,0.77,33,90,1.88,1.46,-11.53,-8.99
25.0244,10,3144,88.39,3442,42.72,0.77,33,90,1.9,1.45,-4.53,-7.18
25.1245,10,3125,88.39,3442,42.72,0.77,33,90,1.9,1.46,-4.53,-8.99
25.2247,10,3112,88.39,3442,42.72,0.77,33,90,1.89,1.47,-9.05,-11.55
25.3248,10,3138,88.39,3442,42.72,0.77,33,90,1.87,1.46,-13.26,-8.99
25.425,4,3125,88.39,3442,42.72,0.77,33,90,1.89,1.45,-9.05,-7.18
25.5252,4,2822,44.53,3442,42.72,0.77,33,90,1.85,1.46,-20.0,-8.99
25.6253,4,2056,44.53,3442,42.72,0.77,33,90,1.89,1.44,-9.05,-5.38
25.7255,4,1498,44.53,3442,42.72,0.77,33,90,1.86,1.44,-15.0,-5.38
25.8256,4,1372,44.53,3442,42.72,0.77,33,90,1.88,1.45,-11.53,-7.18
25.9258,4,1295,44.53,1271,40.47,0.09,33,90,1.88,1.44,-11.53,-5.38
26.0259,4,1221,44.53,1271,40.47,0.09,33,90,1.85,1.44,-20.0,-5.38
26.1261,4,1177,44.53,1271,40.47,0.09,33,90,1.88,1.45,-11.53,-7.18
26.2262,4,1159,44.53,1271,40.47,0.09,33,90,1.91,1.44,-3.57,-5.38
26.3264,4,1153,44.53,1271,40.47,0.09,33,90,1.87,1.44,-13.26,-5.38
26.4265,4,1153,44.53,1271,40.47,0.09,33,90,1.87,1.44,-13.26,-5.38
26.5266,4,1153,-0.14,1271,40.47,0.09,33,90,1.87,1.44,-13.26,-5.38
26.6268,4,1153,-0.14,1271,40.47,0.09,33,90,1.87,1.44,-13.26,-5.38
26.7269,4,0,-0.14,1271,40.47,0.09,33,90,1.87,1.44,-13.26,-5.38
26.8271,4,0,-0.14,0,40.5,0.03,34,90,1.87,1.44,-13.26,-5.38
26.9272,4,0,-0.14,0,40.5,0.03,34,90,1.87,1.44,-13.26,-5.38
27.0275,4,0,-0.14,0,40.5,0.03,34,90,1.87,1.44,-13.26,-5.38
27.1277,4,0,-0.14,0,40.5,0.03,34,90,1.87,1.44,-13.26,-5.38
27.2279,4,0,-0.14,0,40.5,0.03,34,90,1.87,1.44,-13.26,-5.38
27.3282,4,0,-0.14,0,40.5,0.03,34,90,1.87,1.44,-13.26,-5.38
27.4284,4,0,-0.14,0,40.5,0.03,34,90,1.87,1.44,-13.26,-5.38
27.5287,4,0,0.03,0,40.5,0.03,34,90,1.87,1.44,-13.26,-5.38
27.629,4,0,0.03,0,40.5,0.03,34,90,1.87,1.44,-13.26,-5.38
27.7293,4,0,0.03,0,40.5,0.03,34,90,1.87,1.44,-13.26,-5.38
27.8296,4,0,0.03,0,40.5,0.03,34,90,1.87,1.44,-13.26,-5.38
27.9299,4,0,0.03,0,40.5,0.03,33,90,1.87,1.44,-13.26,-5.38
28.0302,4,0,0.03,0,40.5,0.03,33,90,1.87,1.44,-13.26,-5.38
28.1304,4,0,0.03,0,40.5,0.03,33,90,1.87,1.44,-13.26,-5.38
28.2307,4,0,0.03,0,40.5,0.03,33,90,1.87,1.44,-13.26,-5.38
28.3309,4,0,0.03,0,40.5,0.03,33,90,1.87,1.44,-13.26,-5.38
28.4312,4,0,0.03,0,40.5,0.03,33,90,1.87,1.44,-13.26,-5.38
28.5315,4,0,0.15,0,40.5,0.03,33,90,1.87,1.44,-13.26,-5.38
28.6318,4,0,0.15,0,40.5,0.03,33,90,1.87,1.44,-13.26,-5.38
28.7321,4,0,0.15,0,40.5,0.03,33,90,1.87,1.44,-13.26,-5.38
28.8324,4,0,0.15,0,40.5,0.03,33,90,1.87,1.44,-13.26,-5.38
28.9327,4,0,0.15,0,40.5,0.03,33,90,1.87,1.44,-13.26,-5.38
29.033,4,0,0.15,0,40.5,0.03,33,90,1.87,1.44,-13.26,-5.38
29.1332,4,0,0.15,0,40.5,0.03,33,90,1.87,1.44,-13.26,-5.38
29.2335,4,0,0.15,0,40.5,0.03,33,90,1.87,1.44,-13.26,-5.38
29.3337,4,0,0.15,0,40.5,0.03,33,90,1.87,1.44,-13.26,-5.38
29.4339,4,0,0.15,0,40.5,0.03,33,90,1.87,1.44,-13.26,-5.38
29.5342,4,0,0.07,0,40.5,0.03,33,90,1.87,1.44,-13.26,-5.38
29.6345,4,0,0.07,0,40.5,0.03,33,90,1.87,1.44,-13.26,-5.38
29.7348,4,0,0.07,0,40.5,0.03,33,90,1.87,1.44,-13.26,-5.38
29.8351,4,0,0.07,0,40.5,0.03,33,90,1.87,1.44,-13.26,-5.38
29.9354,4,0,0.07,0,40.5,0.03,33,90,1.87,1.44,-13.26,-5.38
30.0357,4,0,0.07,0,40.5,0.03,33,90,1.87,1.44,-13.26,-5.38
30.136,4,0,0.07,0,40.5,0.03,33,90,1.87,1.44,-13.26,-5.38
30.2363,4,0,0.07,0,40.5,0.03,33,90,1.87,1.44,-13.26,-5.38
30.3365,4,0,0.07,0,40.5,0.03,33,90,1.87,1.44,-13.26,-5.38
30.4368,4,0,0.07,0,40.5,0.03,33,90,1.87,1.44,-13.26,-5.38
30.5371,4,0,0.05,0,40.5,0.03,33,90,1.87,1.44,-13.26,-5.38
30.6374,4,0,0.05,0,40.5,0.03,33,90,1.87,1.44,-13.26,-5.38
30.7378,4,0,0.05,0,40.5,0.03,33,90,1.87,1.44,-13.26,-5.38
30.8381,4,0,0.05,0,40.51,0.03,33,90,1.87,1.44,-13.26,-5.38
30.9384,4,0,0.05,0,40.51,0.03,33,90,1.87,1.44,-13.26,-5.38
31.0386,4,0,0.05,0,40.51,0.03,33,90,1.87,1.44,-13.26,-5.38
31.1388,4,0,0.05,0,40.51,0.03,33,90,1.87,1.44,-13.26,-5.38
31.2391,4,0,0.05,0,40.51,0.03,33,90,1.87,1.44,-13.26,-5.38
31.3393,4,0,0.05,0,40.51,0.03,33,90,1.87,1.44,-13.26,-5.38
31.4396,4,0,0.05,0,40.51,0.03,33,90,1.87,1.44,-13.26,-5.38
31.5399,4,0,0.2,0,40.51,0.03,33,90,1.87,1.44,-13.26,-5.38
31.6402,4,0,0.2,0,40.51,0.03,33,90,1.87,1.44,-13.26,-5.38
31.7405,4,0,0.2,0,40.51,0.03,33,90,1.87,1.44,-13.26,-5.38
31.8408,4,0,0.2,0,40.51,0.03,33,90,1.87,1.44,-13.26,-5.38
31.9411,4,0,0.2,0,40.51,0.03,33,90,1.87,1.44,-13.26,-5.38
32.0413,4,0,0.2,0,40.51,0.03,33,90,1.87,1.44,-13.26,-5.38
32.1415,4,0,0.2,0,40.51,0.03,33,90,1.87,1.44,-13.26,-5.38
32.2418,4,0,0.2,0,40.51,0.03,33,90,1.87,1.44,-13.26,-5.38
32.3421,4,0,0.2,0,40.51,0.03,33,90,1.87,1.44,-13.26,-5.38
32.4423,4,0,0.2,0,40.51,0.03,33,90,1.87,1.44,-13.26,-5.38
32.5426,4,0,0.13,0,40.51,0.03,33,90,1.87,1.44,-13.26,-5.38
32.6429,4,0,0.13,0,40.51,0.03,33,90,1.87,1.44,-13.26,-5.38
32.7433,4,0,0.13,0,40.51,0.03,33,90,1.87,1.44,-13.26,-5.38
32.8436,4,0,0.13,0,40.5,0.03,33,90,1.87,1.44,-13.26,-5.38
32.9438,4,0,0.13,0,40.5,0.03,33,90,1.87,1.44,-13.26,-5.38
33.044,4,0,0.13,0,40.5,0.03,33,90,1.87,1.44,-13.26,-5.38
33.1443,4,0,0.13,0,40.5,0.03,33,90,1.87,1.44,-13.26,-5.38
33.2446,4,0,0.13,0,40.5,0.03,33,90,1.87,1.44,-13.26,-5.38
33.3448,4,0,0.13,0,40.5,0.03,33,90,1.87,1.44,-13.26,-5.38
33.4451,4,0,0.13,0,40.5,0.03,33,90,1.87,1.44,-13.26,-5.38
33.5454,4,0,0.09,0,40.5,0.03,33,90,1.87,1.44,-13.26,-5.38
33.6456,4,0,0.09,0,40.5,0.03,33,90,1.87,1.44,-13.26,-5.38
33.746,4,0,0.09,0,40.5,0.03,33,90,1.87,1.44,-13.26,-5.38
33.8462,4,0,0.09,0,40.5,0.03,32,90,1.87,1.44,-13.26,-5.38
33.9465,4,0,0.09,0,40.5,0.03,32,90,1.87,1.44,-13.26,-5.38
34.0467,4,0,0.09,0,40.5,0.03,32,90,1.87,1.44,-13.26,-5.38
34.147,4,0,0.09,0,40.5,0.03,32,90,1.87,1.44,-13.26,-5.38
34.2472,4,0,0.09,0,40.5,0.03,32,90,1.87,1.44,-13.26,-5.38
34.3475,4,0,0.09,0,40.5,0.03,32,90,1.87,1.44,-13.26,-5.38
34.4477,4,0,0.09,0,40.5,0.03,32,90,1.87,1.44,-13.26,-5.38
34.548,4,0,0.18,0,40.5,0.03,32,90,1.87,1.44,-13.26,-5.38
34.6482,4,0,0.18,0,40.5,0.03,32,90,1.87,1.44,-13.26,-5.38
34.7486,4,0,0.18,0,40.5,0.03,32,90,1.87,1.44,-13.26,-5.38
34.8489,4,0,0.18,0,40.5,0.03,33,90,1.87,1.44,-13.26,-5.38
34.9491,4,0,0.18,0,40.5,0.03,33,90,1.87,1.44,-13.26,-5.38
35.0493,4,0,0.18,0,40.5,0.03,33,90,1.87,1.44,-13.26,-5.38
35.1496,4,0,0.18,0,40.5,0.03,33,90,1.87,1.44,-13.26,-5.38
35.2498,4,0,0.18,0,40.5,0.03,33,90,1.87,1.44,-13.26,-5.38
35.3501,4,0,0.18,0,40.5,0.03,33,90,1.87,1.44,-13.26,-5.38
35.4503,4,0,0.18,0,40.5,0.03,33,90,1.87,1.44,-13.26,-5.38
35.5506,4,0,0.13,0,40.5,0.03,33,90,1.87,1.44,-13.26,-5.38
35.6509,4,0,0.13,0,40.5,0.03,33,90,1.87,1.44,-13.26,-5.38
35.7512,4,0,0.13,0,40.5,0.03,33,90,1.87,1.44,-13.26,-5.38
35.8515,4,0,0.13,0,40.5,0.03,33,90,1.87,1.44,-13.26,-5.38
35.9518,4,0,0.13,0,40.5,0.03,33,90,1.87,1.44,-13.26,-5.38
36.052,4,0,0.13,0,40.5,0.03,33,90,1.87,1.44,-13.26,-5.38
36.1523,4,0,0.13,0,40.5,0.03,33,90,1.87,1.44,-13.26,-5.38
36.2525,4,0,0.13,0,40.5,0.03,33,90,1.87,1.44,-13.26,-5.38
36.3528,4,0,0.13,0,40.5,0.03,33,90,1.87,1.44,-13.26,-5.38
36.453,4,0,0.13,0,40.5,0.03,33,90,1.87,1.44,-13.26,-5.38
36.5533,4,0,0.23,0,40.5,0.03,33,90,1.87,1.44,-13.26,-5.38
36.6536,4,0,0.23,0,40.5,0.03,33,90,1.87,1.44,-13.26,-5.38
36.7539,4,0,0.23,0,40.5,0.03,33,90,1.87,1.44,-13.26,-5.38
36.8542,4,0,0.23,0,40.5,0.03,32,90,1.87,1.44,-13.26,-5.38
36.9544,4,0,0.23,0,40.5,0.03,32,90,1.87,1.44,-13.26,-5.38
37.0547,4,0,0.23,0,40.5,0.03,32,90,1.87,1.44,-13.26,-5.38
37.155,4,0,0.23,0,40.5,0.03,32,90,1.87,1.44,-13.26,-5.38
37.2552,4,0,0.23,0,40.5,0.03,32,90,1.87,1.44,-13.26,-5.38
37.3555,4,0,0.23,0,40.5,0.03,32,90,1.87,1.44,-13.26,-5.38
37.4557,4,0,0.23,0,40.5,0.03,32,90,1.87,1.44,-13.26,-5.38
37.556,4,0,0.02,0,40.5,0.03,32,90,1.87,1.44,-13.26,-5.38
37.6563,4,0,0.02,0,40.5,0.03,32,90,1.87,1.44,-13.26,-5.38
37.7566,4,0,0.02,0,40.5,0.03,32,90,1.87,1.44,-13.26,-5.38
37.857,4,0,0.02,0,40.5,0.03,33,90,1.87,1.44,-13.26,-5.38
37.9573,4,0,0.02,0,40.5,0.03,33,90,1.87,1.44,-13.26,-5.38
38.0575,4,0,0.02,0,40.5,0.03,33,90,1.87,1.44,-13.26,-5.38
38.1578,4,0,0.02,0,40.5,0.03,33,90,1.87,1.44,-13.26,-5.38
38.258,4,0,0.02,0,40.5,0.03,33,90,1.87,1.44,-13.26,-5.38
38.3582,4,0,0.02,0,40.5,0.03,33,90,1.87,1.44,-13.26,-5.38
38.4588,4,0,0.02,0,40.5,0.03,33,90,1.87,1.44,-13.26,-5.38
38.5591,4,0,0.11,0,40.5,0.03,33,90,1.87,1.44,-13.26,-5.38
38.6594,4,0,0.11,0,40.5,0.03,33,90,1.87,1.44,-13.26,-5.38
38.7597,4,0,0.11,0,40.5,0.03,33,90,1.87,1.44,-13.26,-5.38
38.86,4,0,0.11,0,40.5,0.03,32,90,1.87,1.44,-13.26,-5.38
38.9603,4,0,0.11,0,40.5,0.03,32,90,1.87,1.44,-13.26,-5.38
39.0606,4,0,0.11,0,40.5,0.03,32,90,1.87,1.44,-13.26,-5.38
39.1609,4,0,0.11,0,40.5,0.03,32,90,1.87,1.44,-13.26,-5.38
39.2611,4,0,0.11,0,40.5,0.03,32,90,1.87,1.44,-13.26,-5.38
39.3613,4,0,0.11,0,40.5,0.03,32,90,1.87,1.44,-13.26,-5.38
39.4616,4,0,0.11,0,40.5,0.03,32,90,1.87,1.44,-13.26,-5.38
39.5619,4,0,0.2,0,40.5,0.03,32,90,1.87,1.44,-13.26,-5.38
39.6622,4,0,0.2,0,40.5,0.03,32,90,1.87,1.44,-13.26,-5.38
39.7626,4,0,0.2,0,40.5,0.03,32,90,1.87,1.44,-13.26,-5.38
39.8628,4,0,0.2,0,40.5,0.03,32,90,1.87,1.44,-13.26,-5.38
39.9631,4,0,0.2,0,40.5,0.03,32,90,1.87,1.44,-13.26,-5.38
40.0634,4,0,0.2,0,40.5,0.03,32,90,1.87,1.44,-13.26,-5.38
40.1636,4,0,0.2,0,40.5,0.03,32,90,1.87,1.44,-13.26,-5.38
40.2639,4,0,0.2,0,40.5,0.03,32,90,1.87,1.44,-13.26,-5.38
40.3641,4,0,0.2,0,40.5,0.03,32,90,1.87,1.44,-13.26,-5.38
40.4644,4,0,0.2,0,40.5,0.03,32,90,1.87,1.44,-13.26,-5.38
40.5647,4,0,0.17,0,40.5,0.03,32,90,1.87,1.44,-13.26,-5.38
40.6649,4,0,0.17,0,40.5,0.03,32,90,1.87,1.44,-13.26,-5.38
40.7653,4,0,0.17,0,40.5,0.03,32,90,1.87,1.44,-13.26,-5.38
40.8655,4,0,0.17,0,40.5,0.03,32,90,1.87,1.44,-13.26,-5.38
40.9658,4,0,0.17,0,40.5,0.03,32,90,1.87,1.44,-13.26,-5.38
41.0661,4,0,0.17,0,40.5,0.03,32,90,1.87,1.44,-13.26,-5.38
41.1663,4,0,0.17,0,40.5,0.03,32,90,1.87,1.44,-13.26,-5.38
41.2666,4,0,0.17,0,40.5,0.03,32,90,1.87,1.44,-13.26,-5.38
41.3668,4,0,0.17,0,40.5,0.03,32,90,1.87,1.44,-13.26,-5.38
41.4671,4,0,0.17,0,40.5,0.03,32,90,1.87,1.44,-13.26,-5.38
41.5673,4,0,0.08,0,40.5,0.03,32,90,1.87,1.44,-13.26,-5.38
41.6676,4,0,0.08,0,40.5,0.03,32,90,1.87,1.44,-13.26,-5.38
41.768,4,0,0.08,0,40.5,0.03,32,90,1.87,1.44,-13.26,-5.38
41.8682,4,0,0.08,0,40.5,0.03,32,90,1.87,1.44,-13.26,-5.38
41.9685,4,0,0.08,0,40.5,0.03,32,90,1.87,1.44,-13.26,-5.38
42.0688,4,0,0.08,0,40.5,0.03,32,90,1.87,1.44,-13.26,-5.38
42.169,4,0,0.08,0,40.5,0.03,32,90,1.87,1.44,-13.26,-5.38
42.2693,4,0,0.08,0,40.5,0.03,32,90,1.87,1.44,-13.26,-5.38
42.3695,4,0,0.08,0,40.5,0.03,32,90,1.87,1.44,-13.26,-5.38
42.4697,4,0,0.08,0,40.5,0.03,32,90,1.87,1.44,-13.26,-5.38
42.57,4,0,-0.0,0,40.5,0.03,32,90,1.87,1.44,-13.26,-5.38
42.6703,4,0,-0.0,0,40.5,0.03,32,90,1.87,1.44,-13.26,-5.38
42.7706,4,0,-0.0,0,40.5,0.03,32,90,1.87,1.44,-13.26,-5.38
42.871,4,0,-0.0,0,40.5,0.03,31,90,1.87,1.44,-13.26,-5.38
42.9712,4,0,-0.0,0,40.5,0.03,31,90,1.87,1.44,-13.26,-5.38
43.0715,4,0,-0.0,0,40.5,0.03,31,90,1.87,1.44,-13.26,-5.38
43.1718,4,0,-0.0,0,40.5,0.03,31,90,1.87,1.44,-13.26,-5.38
43.272,4,0,-0.0,0,40.5,0.03,31,90,1.87,1.44,-13.26,-5.38
43.3722,4,0,-0.0,0,40.5,0.03,31,90,1.87,1.44,-13.26,-5.38
43.4725,4,0,-0.0,0,40.5,0.03,31,90,1.87,1.44,-13.26,-5.38
43.5727,4,0,-0.05,0,40.5,0.03,31,90,1.87,1.44,-13.26,-5.38
43.673,4,0,-0.05,0,40.5,0.03,31,90,1.87,1.44,-13.26,-5.38
43.7734,4,0,-0.05,0,40.5,0.03,31,90,1.87,1.44,-13.26,-5.38
43.8736,4,0,-0.05,0,40.5,0.03,32,90,1.87,1.44,-13.26,-5.38
43.9739,4,0,-0.05,0,40.5,0.03,32,90,1.87,1.44,-13.26,-5.38
44.0742,4,0,-0.05,0,40.5,0.03,32,90,1.87,1.44,-13.26,-5.38
44.1745,4,0,-0.05,0,40.5,0.03,32,90,1.87,1.44,-13.26,-5.38
44.2747,4,0,-0.05,0,40.5,0.03,32,90,1.87,1.44,-13.26,-5.38
44.375,4,0,-0.05,0,40.5,0.03,32,90,1.87,1.44,-13.26,-5.38
44.4752,4,0,-0.05,0,40.5,0.03,32,90,1.87,1.44,-13.26,-5.38
44.5755,4,0,-0.05,0,40.5,0.03,32,90,1.87,1.44,-13.26,-5.38
44.6758,4,0,-0.05,0,40.5,0.03,32,90,1.87,1.44,-13.26,-5.38
44.7761,4,0,-0.05,0,40.5,0.03,32,90,1.87,1.44,-13.26,-5.38
44.8764,4,0,-0.05,0,40.5,0.03,32,90,1.87,1.44,-13.26,-5.38
44.9767,4,0,-0.05,0,40.5,0.03,32,90,1.87,1.44,-13.26,-5.38
45.0769,4,0,-0.05,0,40.5,0.03,32,90,1.87,1.44,-13.26,-5.38
45.1772,4,0,-0.05,0,40.5,0.03,32,90,1.87,1.44,-13.26,-5.38
45.2774,4,0,-0.05,0,40.5,0.03,32,90,1.87,1.44,-13.26,-5.38
45.3776,4,0,-0.05,0,40.5,0.03,32,90,1.87,1.44,-13.26,-5.38
45.4779,4,0,-0.05,0,40.5,0.03,32,90,1.87,1.44,-13.26,-5.38
45.5782,4,0,0.11,0,40.5,0.03,32,90,1.87,1.44,-13.26,-5.38
45.6785,4,0,0.11,0,40.5,0.03,32,90,1.87,1.44,-13.26,-5.38
45.7788,4,0,0.11,0,40.5,0.03,32,90,1.87,1.44,-13.26,-5.38
45.8791,4,0,0.11,0,40.49,0.03,31,90,1.87,1.44,-13.26,-5.38
45.9793,4,0,0.11,0,40.49,0.03,31,90,1.87,1.44,-13.26,-5.38
46.0796,4,0,0.11,0,40.49,0.03,31,90,1.87,1.44,-13.26,-5.38
46.1799,4,0,0.11,0,40.49,0.03,31,90,1.87,1.44,-13.26,-5.38
46.2801,4,0,0.11,0,40.49,0.03,31,90,1.87,1.44,-13.26,-5.38
46.3804,4,0,0.11,0,40.49,0.03,31,90,1.87,1.44,-13.26,-5.38
46.4806,4,0,0.11,0,40.49,0.03,31,90,1.87,1.44,-13.26,-5.38
46.581,4,0,0.09,0,40.49,0.03,31,90,1.87,1.44,-13.26,-5.38
46.6813,4,0,0.09,0,40.49,0.03,31,90,1.87,1.44,-13.26,-5.38
46.7816,4,0,0.09,0,40.49,0.03,31,90,1.87,1.44,-13.26,-5.38
46.8819,4,0,0.09,0,40.49,0.03,31,90,1.87,1.44,-13.26,-5.38
46.9822,4,0,0.09,0,40.49,0.03,31,90,1.87,1.44,-13.26,-5.38
47.0824,4,0,0.09,0,40.49,0.03,31,90,1.87,1.44,-13.26,-5.38
47.1827,4,0,0.09,0,40.49,0.03,31,90,1.87,1.44,-13.26,-5.38
47.283,4,0,0.09,0,40.49,0.03,31,90,1.87,1.44,-13.26,-5.38
47.3832,4,0,0.09,0,40.49,0.03,31,90,1.87,1.44,-13.26,-5.38
47.4835,4,0,0.09,0,40.49,0.03,31,90,1.87,1.44,-13.26,-5.38
47.5838,4,0,0.06,0,40.49,0.03,31,90,1.87,1.44,-13.26,-5.38
47.6841,4,0,0.06,0,40.49,0.03,31,90,1.87,1.44,-13.26,-5.38
47.7844,4,0,0.06,0,40.49,0.03,31,90,1.87,1.44,-13.26,-5.38
47.8847,4,0,0.06,0,40.5,0.03,31,90,1.87,1.44,-13.26,-5.38
47.985,4,0,0.06,0,40.5,0.03,31,90,1.87,1.44,-13.26,-5.38
48.0852,4,0,0.06,0,40.5,0.03,31,90,1.87,1.44,-13.26,-5.38
48.1855,4,0,0.06,0,40.5,0.03,31,90,1.87,1.44,-13.26,-5.38
48.2857,4,0,0.06,0,40.5,0.03,31,90,1.87,1.44,-13.26,-5.38
48.386,4,0,0.06,0,40.5,0.03,31,90,1.87,1.44,-13.26,-5.38
48.4862,4,0,0.06,0,40.5,0.03,31,90,1.87,1.44,-13.26,-5.38
48.5865,4,0,0.25,0,40.5,0.03,31,90,1.87,1.44,-13.26,-5.38
48.6868,4,0,0.25,0,40.5,0.03,31,90,1.87,1.44,-13.26,-5.38
48.7871,4,0,0.25,0,40.5,0.03,31,90,1.87,1.44,-13.26,-5.38
48.8874,4,0,0.25,0,40.5,0.03,31,90,1.87,1.44,-13.26,-5.38
48.9877,4,0,0.25,0,40.5,0.03,31,90,1.87,1.44,-13.26,-5.38
49.088,4,0,0.25,0,40.5,0.03,31,90,1.87,1.44,-13.26,-5.38
49.1882,4,0,0.25,0,40.5,0.03,31,90,1.87,1.44,-13.26,-5.38
49.2884,4,0,0.25,0,40.5,0.03,31,90,1.87,1.44,-13.26,-5.38
49.3887,4,0,0.25,0,40.5,0.03,31,90,1.87,1.44,-13.26,-5.38
49.4889,4,0,0.25,0,40.5,0.03,31,90,1.87,1.44,-13.26,-5.38
49.5891,4,0,0.06,0,40.5,0.03,31,90,1.87,1.44,-13.26,-5.38
49.6894,4,0,0.06,0,40.5,0.03,31,90,1.87,1.44,-13.26,-5.38
49.7897,4,0,0.06,0,40.5,0.03,31,90,1.87,1.44,-13.26,-5.38
49.89,4,0,0.06,0,40.5,0.03,31,90,1.87,1.44,-13.26,-5.38
49.9902,4,0,0.06,0,40.5,0.03,31,90,1.87,1.44,-13.26,-5.38
50.0905,4,0,0.06,0,40.5,0.03,31,90,1.87,1.44,-13.26,-5.38
50.1907,4,0,0.06,0,40.5,0.03,31,90,1.87,1.44,-13.26,-5.38
50.291,4,0,0.06,0,40.5,0.03,31,90,1.87,1.44,-13.26,-5.38
50.3912,4,0,0.06,0,40.5,0.03,31,90,1.87,1.44,-13.26,-5.38
50.4915,4,0,0.06,0,40.5,0.03,31,90,1.87,1.44,-13.26,-5.38
50.5917,4,0,0.12,0,40.5,0.03,31,90,1.87,1.44,-13.26,-5.38
50.692,4,0,0.12,0,40.5,0.03,31,90,1.87,1.44,-13.26,-5.38
50.7923,4,0,0.12,0,40.5,0.03,31,90,1.87,1.44,-13.26,-5.38
50.8925,4,0,0.12,0,40.5,0.03,32,90,1.87,1.44,-13.26,-5.38
50.9928,4,0,0.12,0,40.5,0.03,32,90,1.87,1.44,-13.26,-5.38
51.0931,4,0,0.12,0,40.5,0.03,32,90,1.87,1.44,-13.26,-5.38
51.1934,4,0,0.12,0,40.5,0.03,32,90,1.87,1.44,-13.26,-5.38
51.2936,4,0,0.12,0,40.5,0.03,32,90,1.87,1.44,-13.26,-5.38
51.3938,4,0,0.12,0,40.5,0.03,32,90,1.87,1.44,-13.26,-5.38
51.4941,4,0,0.12,0,40.5,0.03,32,90,1.87,1.44,-13.26,-5.38
51.5944,4,0,0.11,0,40.5,0.03,32,90,1.87,1.44,-13.26,-5.38
51.6946,4,0,0.11,0,40.5,0.03,32,90,1.87,1.44,-13.26,-5.38
51.795,4,0,0.11,0,40.5,0.03,32,90,1.87,1.44,-13.26,-5.38
51.8952,4,0,0.11,0,40.5,0.03,31,90,1.87,1.44,-13.26,-5.38
51.9955,4,0,0.11,0,40.5,0.03,31,90,1.87,1.44,-13.26,-5.38
52.0957,4,0,0.11,0,40.5,0.03,31,90,1.87,1.44,-13.26,-5.38
52.196,4,0,0.11,0,40.5,0.03,31,90,1.87,1.44,-13.26,-5.38
52.2962,4,0,0.11,0,40.5,0.03,31,90,1.87,1.44,-13.26,-5.38
52.3965,4,0,0.11,0,40.5,0.03,31,90,1.87,1.44,-13.26,-5.38
52.4967,4,0,0.11,0,40.5,0.03,31,90,1.87,1.44,-13.26,-5.38
52.597,4,0,0.01,0,40.5,0.03,31,90,1.87,1.44,-13.26,-5.38
52.6973,4,0,0.01,0,40.5,0.03,31,90,1.87,1.44,-13.26,-5.38
52.7977,4,0,0.01,0,40.5,0.03,31,90,1.87,1.44,-13.26,-5.38
52.898,4,0,0.01,0,40.49,0.03,31,90,1.87,1.44,-13.26,-5.38
52.9983,4,0,0.01,0,40.49,0.03,31,90,1.87,1.44,-13.26,-5.38
53.0986,4,0,0.01,0,40.49,0.03,31,90,1.87,1.44,-13.26,-5.38
53.1989,4,0,0.01,0,40.49,0.03,31,90,1.87,1.44,-13.26,-5.38
53.2991,4,0,0.01,0,40.49,0.03,31,90,1.87,1.44,-13.26,-5.38
53.3993,4,0,0.01,0,40.49,0.03,31,90,1.87,1.44,-13.26,-5.38
53.4996,4,0,-0.29,0,40.49,0.03,31,90,1.87,1.44,-13.26,-5.38
53.5999,4,0,-0.29,0,40.49,0.03,31,90,1.87,1.44,-13.26,-5.38
53.7002,4,0,-0.29,0,40.49,0.03,31,90,1.87,1.44,-13.26,-5.38
53.8005,4,0,-0.29,0,40.49,0.03,31,90,1.87,1.44,-13.26,-5.38
53.9008,4,0,-0.29,0,40.48,0.03,32,90,1.87,1.44,-13.26,-5.38
54.001,4,0,-0.29,0,40.48,0.03,32,90,1.87,1.44,-13.26,-5.38
54.1013,4,0,-0.29,0,40.48,0.03,32,90,1.87,1.44,-13.26,-5.38
54.2016,4,0,-0.29,0,40.48,0.03,32,90,1.87,1.44,-13.26,-5.38
54.3018,4,0,-0.29,0,40.48,0.03,32,90,1.87,1.44,-13.26,-5.38
54.402,4,0,-0.29,0,40.48,0.03,32,90,1.87,1.44,-13.26,-5.38
54.5023,4,0,-0.04,0,40.48,0.03,32,90,1.87,1.44,-13.26,-5.38
54.6026,4,0,-0.04,0,40.48,0.03,32,90,1.87,1.44,-13.26,-5.38
54.7029,4,0,-0.04,0,40.48,0.03,32,90,1.87,1.44,-13.26,-5.38
